Date,OpenValue,CloseValue,DayAverage
2019-10-21,132.61000061035156,132.5800018310547,132.59500122070312
2019-10-22,132.5500030517578,133.9600067138672,133.2550048828125
2019-10-23,133.52000427246094,134.3800048828125,133.95000457763672
2019-10-24,134.8300018310547,134.07000732421875,134.45000457763672
2019-10-25,134.1199951171875,135.44000244140625,134.77999877929688
2019-10-28,136.0,135.97000122070312,135.98500061035156
2019-10-29,135.4199981689453,133.82000732421875,134.62000274658203
2019-10-30,133.8300018310547,135.25,134.54000091552734
2019-10-31,135.11000061035156,133.72999572753906,134.4199981689453
2019-11-01,134.5,135.52999877929688,135.01499938964844
2019-11-04,136.24000549316406,137.6699981689453,136.9550018310547
2019-11-05,137.8000030517578,137.88999938964844,137.84500122070312
2019-11-06,138.0,138.77999877929688,138.38999938964844
2019-11-07,137.8699951171875,137.69000244140625,137.77999877929688
2019-11-08,137.5800018310547,137.61000061035156,137.59500122070312
2019-11-11,137.1999969482422,135.47000122070312,136.33499908447266
2019-11-12,135.8699951171875,135.58999633789062,135.72999572753906
2019-11-13,135.38999938964844,134.47999572753906,134.93499755859375
2019-11-14,134.1300048828125,134.0,134.06500244140625
2019-11-15,134.38999938964844,134.39999389648438,134.3949966430664
2019-11-18,134.3000030517578,134.30999755859375,134.30500030517578
2019-11-19,134.8800048828125,134.52000427246094,134.70000457763672
2019-11-20,134.05999755859375,133.1999969482422,133.62999725341797
2019-11-21,133.39999389648438,133.83999633789062,133.6199951171875
2019-11-22,134.19000244140625,134.33999633789062,134.26499938964844
2019-11-25,134.47000122070312,135.97000122070312,135.22000122070312
2019-11-26,136.14999389648438,135.08999633789062,135.6199951171875
2019-11-27,135.35000610351562,133.77000427246094,134.56000518798828
2019-11-29,133.60000610351562,134.4499969482422,134.0250015258789
2019-12-02,134.4499969482422,132.91000366210938,133.68000030517578
2019-12-03,132.0,132.1199951171875,132.05999755859375
2019-12-04,132.86000061035156,131.99000549316406,132.4250030517578
2019-12-05,132.99000549316406,131.91000366210938,132.45000457763672
2019-12-06,132.75,133.22000122070312,132.98500061035156
2019-12-09,133.35000610351562,133.9199981689453,133.63500213623047
2019-12-10,133.9199981689453,133.91000366210938,133.91500091552734
2019-12-11,134.11000061035156,133.75999450683594,133.93499755859375
2019-12-12,133.6999969482422,135.32000732421875,134.51000213623047
2019-12-13,134.75,134.2100067138672,134.4800033569336
2019-12-16,134.94000244140625,134.1300048828125,134.53500366210938
2019-12-17,134.27999877929688,134.22000122070312,134.25
2019-12-18,134.5500030517578,134.41000366210938,134.4800033569336
2019-12-19,134.4600067138672,134.55999755859375,134.51000213623047
2019-12-20,135.74000549316406,135.58999633789062,135.66500091552734
2019-12-23,135.77999877929688,135.5500030517578,135.66500091552734
2019-12-24,135.61000061035156,134.97999572753906,135.2949981689453
2019-12-26,134.97999572753906,134.91000366210938,134.94499969482422
2019-12-27,135.0,135.27000427246094,135.13500213623047
2019-12-30,135.1999969482422,132.80999755859375,134.00499725341797
2019-12-31,132.52999877929688,134.0399932861328,133.28499603271484
2020-01-02,135.0,135.4199981689453,135.20999908447266
2020-01-03,133.57000732421875,134.33999633789062,133.9550018310547
2020-01-06,133.4199981689453,134.10000610351562,133.76000213623047
2020-01-07,133.69000244140625,134.19000244140625,133.94000244140625
2020-01-08,134.50999450683594,135.30999755859375,134.90999603271484
2020-01-09,135.74000549316406,136.74000549316406,136.24000549316406
2020-01-10,137.0,136.69000244140625,136.84500122070312
2020-01-13,135.47999572753906,136.60000610351562,136.04000091552734
2020-01-14,136.27999877929688,135.82000732421875,136.0500030517578
2020-01-15,136.0,136.6199951171875,136.30999755859375
2020-01-16,137.32000732421875,137.97999572753906,137.6500015258789
2020-01-17,136.5399932861328,138.30999755859375,137.42499542236328
2020-01-21,137.80999755859375,139.1699981689453,138.48999786376953
2020-01-22,143.32000732421875,143.88999938964844,143.6050033569336
2020-01-23,144.1999969482422,142.8699951171875,143.53499603271484
2020-01-24,143.38999938964844,140.55999755859375,141.9749984741211
2020-01-27,138.5,138.6199951171875,138.55999755859375
2020-01-28,139.5,139.5500030517578,139.5250015258789
2020-01-29,139.1699981689453,137.69000244140625,138.43000030517578
2020-01-30,136.75999450683594,136.77000427246094,136.76499938964844
2020-01-31,142.89999389648438,143.72999572753906,143.31499481201172
2020-02-03,144.25,146.27000427246094,145.26000213623047
2020-02-04,147.77999877929688,149.11000061035156,148.44499969482422
2020-02-05,150.2100067138672,156.3300018310547,153.27000427246094
2020-02-06,156.82000732421875,156.75999450683594,156.79000091552734
2020-02-07,154.5500030517578,153.41000366210938,153.9800033569336
2020-02-10,152.97000122070312,154.42999267578125,153.6999969482422
2020-02-11,155.1199951171875,153.47999572753906,154.29999542236328
2020-02-12,153.75,155.30999755859375,154.52999877929688
2020-02-13,154.3699951171875,154.30999755859375,154.33999633789062
2020-02-14,154.4199981689453,150.6999969482422,152.55999755859375
2020-02-18,149.7899932861328,151.10000610351562,150.44499969482422
2020-02-19,151.5399932861328,150.86000061035156,151.1999969482422
2020-02-20,150.80999755859375,151.22000122070312,151.01499938964844
2020-02-21,151.0399932861328,149.83999633789062,150.43999481201172
2020-02-24,145.50999450683594,146.42999267578125,145.9699935913086
2020-02-25,146.50999450683594,141.7100067138672,144.11000061035156
2020-02-26,142.89999389648438,139.75,141.3249969482422
2020-02-27,137.24000549316406,133.11000061035156,135.1750030517578
2020-02-28,129.97999572753906,130.14999389648438,130.06499481201172
2020-03-02,130.75,134.3000030517578,132.5250015258789
2020-03-03,134.47999572753906,128.89999389648438,131.68999481201172
2020-03-04,131.5800018310547,134.22000122070312,132.9000015258789
2020-03-05,130.5,129.5500030517578,130.0250015258789
2020-03-06,126.69999694824219,127.7300033569336,127.21500015258789
2020-03-09,120.16000366210938,117.80999755859375,118.98500061035156
2020-03-10,122.77999877929688,124.7699966430664,123.77499771118164
2020-03-11,121.01000213623047,117.97000122070312,119.4900016784668
2020-03-12,109.6500015258789,102.80999755859375,106.22999954223633
2020-03-13,108.68000030517578,107.94999694824219,108.31499862670898
2020-03-16,98.0,99.08000183105469,98.54000091552734
2020-03-17,100.61000061035156,106.6500015258789,103.63000106811523
2020-03-18,99.41000366210938,103.55000305175781,101.4800033569336
2020-03-19,102.33000183105469,100.33999633789062,101.33499908447266
2020-03-20,100.91999816894531,95.38999938964844,98.15499877929688
2020-03-23,94.5999984741211,94.7699966430664,94.68499755859375
2020-03-24,99.98999786376953,105.4800033569336,102.73500061035156
2020-03-25,105.4800033569336,105.8499984741211,105.66500091552734
2020-03-26,106.91000366210938,112.88999938964844,109.9000015258789
2020-03-27,108.58000183105469,108.02999877929688,108.30500030517578
2020-03-30,108.08999633789062,112.93000030517578,110.5099983215332
2020-03-31,112.0,110.93000030517578,111.46500015258789
2020-04-01,106.36000061035156,105.13999938964844,105.75
2020-04-02,105.37000274658203,110.0,107.68500137329102
2020-04-03,108.91999816894531,106.33999633789062,107.62999725341797
2020-04-06,110.3499984741211,114.81999969482422,112.58499908447266
2020-04-07,118.80000305175781,114.94000244140625,116.87000274658203
2020-04-08,116.30999755859375,119.29000091552734,117.79999923706055
2020-04-09,120.4800033569336,121.5,120.9900016784668
2020-04-13,121.62999725341797,121.1500015258789,121.38999938964844
2020-04-14,123.45999908447266,123.91000366210938,123.68500137329102
2020-04-15,119.12000274658203,118.69000244140625,118.90500259399414
2020-04-16,119.01000213623047,115.7300033569336,117.37000274658203
2020-04-17,119.30000305175781,120.12000274658203,119.71000289916992
2020-04-20,119.1500015258789,120.41000366210938,119.78000259399414
2020-04-21,114.0,116.76000213623047,115.38000106811523
2020-04-22,119.87000274658203,119.30999755859375,119.59000015258789
2020-04-23,119.56999969482422,121.3499984741211,120.45999908447266
2020-04-24,122.41000366210938,124.72000122070312,123.56500244140625
2020-04-27,125.55999755859375,125.91999816894531,125.73999786376953
2020-04-28,128.02999877929688,126.2699966430664,127.14999771118164
2020-04-29,128.8800048828125,128.69000244140625,128.78500366210938
2020-04-30,126.5199966430664,125.55999755859375,126.03999710083008
2020-05-01,123.19000244140625,121.87000274658203,122.53000259399414
2020-05-04,120.81999969482422,121.68000030517578,121.25
2020-05-05,123.38999938964844,122.58000183105469,122.98500061035156
2020-05-06,123.23999786376953,123.16999816894531,123.20499801635742
2020-05-07,122.9800033569336,121.2300033569336,122.1050033569336
2020-05-08,122.66999816894531,122.98999786376953,122.82999801635742
2020-05-11,121.80999755859375,122.58999633789062,122.19999694824219
2020-05-12,123.01000213623047,120.26000213623047,121.63500213623047
2020-05-13,119.94999694824219,115.7300033569336,117.84000015258789
2020-05-14,114.56999969482422,116.94999694824219,115.7599983215332
2020-05-15,115.93000030517578,116.9800033569336,116.45500183105469
2020-05-18,119.87999725341797,121.55999755859375,120.71999740600586
2020-05-19,121.19000244140625,120.29000091552734,120.7400016784668
2020-05-20,120.93000030517578,121.37999725341797,121.15499877929688
2020-05-21,120.98999786376953,119.12000274658203,120.05500030517578
2020-05-22,119.37000274658203,118.38999938964844,118.88000106811523
2020-05-26,121.30000305175781,121.76000213623047,121.53000259399414
2020-05-27,123.94000244140625,125.54000091552734,124.7400016784668
2020-05-28,126.87000274658203,124.52999877929688,125.70000076293945
2020-05-29,123.66999816894531,124.9000015258789,124.28499984741211
2020-06-01,124.63999938964844,124.88999938964844,124.76499938964844
2020-06-02,125.66999816894531,126.0,125.83499908447266
2020-06-03,127.1500015258789,129.0500030517578,128.10000228881836
2020-06-04,127.77999877929688,128.88999938964844,128.33499908447266
2020-06-05,133.88999938964844,132.05999755859375,132.9749984741211
2020-06-08,132.27000427246094,135.75,134.01000213623047
2020-06-09,133.52000427246094,131.8699951171875,132.69499969482422
2020-06-10,132.14999389648438,129.8699951171875,131.00999450683594
2020-06-11,126.02999877929688,118.01000213623047,122.02000045776367
2020-06-12,121.25,121.91000366210938,121.58000183105469
2020-06-15,119.19000244140625,121.6500015258789,120.42000198364258
2020-06-16,125.0,125.1500015258789,125.07500076293945
2020-06-17,125.83000183105469,124.1500015258789,124.9900016784668
2020-06-18,123.0,124.16000366210938,123.58000183105469
2020-06-19,126.16999816894531,122.47000122070312,124.31999969482422
2020-06-22,122.12000274658203,121.06999969482422,121.59500122070312
2020-06-23,122.01000213623047,119.41000366210938,120.71000289916992
2020-06-24,118.31999969482422,116.41999816894531,117.36999893188477
2020-06-25,116.76000213623047,119.02999877929688,117.89500045776367
2020-06-26,118.26000213623047,117.19000244140625,117.72500228881836
2020-06-29,117.9800033569336,119.75,118.8650016784668
2020-06-30,119.19000244140625,120.7699966430664,119.97999954223633
2020-07-01,120.2699966430664,118.54000091552734,119.40499877929688
2020-07-02,119.69000244140625,119.69999694824219,119.69499969482422
2020-07-06,121.25,120.19000244140625,120.72000122070312
2020-07-07,119.0,117.58000183105469,118.29000091552734
2020-07-08,118.05999755859375,117.70999908447266,117.8849983215332
2020-07-09,118.0,115.70999908447266,116.85499954223633
2020-07-10,115.5,118.3499984741211,116.92499923706055
2020-07-13,119.77999877929688,119.19999694824219,119.48999786376953
2020-07-14,118.62000274658203,120.5999984741211,119.61000061035156
2020-07-15,122.4000015258789,123.0,122.70000076293945
2020-07-16,122.68000030517578,124.01000213623047,123.34500122070312
2020-07-17,124.38999938964844,125.11000061035156,124.75
2020-07-20,126.06999969482422,126.37000274658203,126.22000122070312
2020-07-21,131.16000366210938,126.05999755859375,128.61000061035156
2020-07-22,125.9000015258789,128.6699981689453,127.28499984741211
2020-07-23,129.10000610351562,127.33000183105469,128.21500396728516
2020-07-24,126.4800033569336,125.79000091552734,126.13500213623047
2020-07-27,124.86000061035156,126.20999908447266,125.53499984741211
2020-07-28,125.81999969482422,124.47000122070312,125.14500045776367
2020-07-29,124.55999755859375,125.31999969482422,124.93999862670898
2020-07-30,123.70999908447266,122.9000015258789,123.30500030517578
2020-07-31,122.70999908447266,122.94000244140625,122.82500076293945
2020-08-03,123.5,124.30999755859375,123.90499877929688
2020-08-04,123.81999969482422,125.83999633789062,124.82999801635742
2020-08-05,126.7300033569336,125.44999694824219,126.09000015258789
2020-08-06,125.0,126.12000274658203,125.56000137329102
2020-08-07,123.5,124.95999908447266,124.22999954223633
2020-08-10,125.41999816894531,127.11000061035156,126.26499938964844
2020-08-11,128.75999450683594,126.75,127.75499725341797
2020-08-12,127.61000061035156,126.69999694824219,127.15499877929688
2020-08-13,125.95999908447266,125.02999877929688,125.49499893188477
2020-08-14,124.19999694824219,125.2699966430664,124.7349967956543
2020-08-17,125.25,124.44000244140625,124.84500122070312
2020-08-18,125.0,124.91999816894531,124.95999908447266
2020-08-19,124.83000183105469,123.83999633789062,124.33499908447266
2020-08-20,123.19999694824219,123.1500015258789,123.17499923706055
2020-08-21,123.01000213623047,123.16000366210938,123.08500289916992
2020-08-24,123.79000091552734,125.68000030517578,124.73500061035156
2020-08-25,126.0,124.63999938964844,125.31999969482422
2020-08-26,124.94999694824219,124.16999816894531,124.55999755859375
2020-08-27,124.5999984741211,124.6500015258789,124.625
2020-08-28,124.95999908447266,125.06999969482422,125.01499938964844
2020-08-31,125.25,123.30999755859375,124.27999877929688
2020-09-01,122.8499984741211,123.4000015258789,123.125
2020-09-02,123.72000122070312,128.17999267578125,125.94999694824219
2020-09-03,128.19000244140625,124.44999694824219,126.31999969482422
2020-09-04,124.3499984741211,122.30000305175781,123.32500076293945
2020-09-08,122.16000366210938,121.20999908447266,121.68500137329102
2020-09-09,122.12999725341797,122.26000213623047,122.19499969482422
2020-09-10,122.52999877929688,120.55999755859375,121.54499816894531
2020-09-11,121.38999938964844,121.45999908447266,121.42499923706055
2020-09-14,122.36000061035156,122.08999633789062,122.2249984741211
2020-09-15,122.81999969482422,122.44000244140625,122.63000106811523
2020-09-16,122.70999908447266,124.22000122070312,123.46500015258789
2020-09-17,122.62000274658203,124.91999816894531,123.77000045776367
2020-09-18,124.26000213623047,122.76000213623047,123.51000213623047
2020-09-21,120.4800033569336,120.25,120.3650016784668
2020-09-22,120.33000183105469,120.51000213623047,120.42000198364258
2020-09-23,120.80000305175781,118.83000183105469,119.81500244140625
2020-09-24,118.0999984741211,118.08999633789062,118.09499740600586
2020-09-25,117.5999984741211,118.94999694824219,118.27499771118164
2020-09-28,120.56999969482422,121.7300033569336,121.1500015258789
2020-09-29,121.41000366210938,120.94000244140625,121.17500305175781
2020-09-30,121.37999725341797,121.66999816894531,121.52499771118164
2020-10-01,122.36000061035156,121.08999633789062,121.7249984741211
2020-10-02,119.04000091552734,120.56999969482422,119.80500030517578
2020-10-05,121.83999633789062,122.01000213623047,121.92499923706055
2020-10-06,122.58000183105469,121.97000122070312,122.2750015258789
2020-10-07,122.66999816894531,124.06999969482422,123.36999893188477
2020-10-08,130.86000061035156,131.49000549316406,131.1750030517578
2020-10-09,132.0,127.79000091552734,129.89500045776367
2020-10-12,128.07000732421875,127.20999908447266,127.6400032043457
2020-10-13,126.56999969482422,125.0999984741211,125.83499908447266
2020-10-14,125.12999725341797,125.94000244140625,125.53499984741211
2020-10-15,124.08000183105469,124.88999938964844,124.48500061035156
2020-10-16,125.16999816894531,125.93000030517578,125.54999923706055
2020-10-19,126.80000305175781,125.5199966430664,126.15999984741211
2020-10-20,119.80000305175781,117.37000274658203,118.58500289916992
2020-10-21,116.66000366210938,115.05999755859375,115.86000061035156
2020-10-22,115.0,115.76000213623047,115.38000106811523
2020-10-23,116.5,116.0,116.25
2020-10-26,114.44999694824219,112.22000122070312,113.33499908447266
2020-10-27,112.1500015258789,110.55999755859375,111.35499954223633
2020-10-28,108.66000366210938,106.6500015258789,107.65500259399414
2020-10-29,107.25,108.91000366210938,108.08000183105469
2020-10-30,107.9000015258789,111.66000366210938,109.78000259399414
2020-11-02,112.6500015258789,112.91000366210938,112.78000259399414
2020-11-03,114.0,114.16000366210938,114.08000183105469
2020-11-04,112.33000183105469,111.9000015258789,112.1150016784668
2020-11-05,113.30000305175781,114.7699966430664,114.03499984741211
2020-11-06,115.08000183105469,114.04000091552734,114.56000137329102
2020-11-09,117.87999725341797,115.52999877929688,116.70499801635742
2020-11-10,116.69000244140625,117.91000366210938,117.30000305175781
2020-11-11,118.12000274658203,117.19999694824219,117.65999984741211
2020-11-12,115.62999725341797,114.5,115.06499862670898
2020-11-13,115.19000244140625,116.8499984741211,116.02000045776367
2020-11-16,118.30000305175781,118.36000061035156,118.33000183105469
2020-11-17,117.5999984741211,117.69999694824219,117.64999771118164
2020-11-18,117.72000122070312,116.7699966430664,117.24499893188477
2020-11-19,116.54000091552734,117.18000030517578,116.86000061035156
2020-11-20,117.5999984741211,116.94000244140625,117.27000045776367
2020-11-23,117.43000030517578,120.08999633789062,118.7599983215332
2020-11-24,120.86000061035156,124.41999816894531,122.63999938964844
2020-11-25,122.93000030517578,124.19999694824219,123.56499862670898
2020-11-27,124.19999694824219,124.3499984741211,124.27499771118164
2020-11-30,124.0999984741211,123.5199966430664,123.80999755859375
2020-12-01,123.9000015258789,123.16000366210938,123.53000259399414
2020-12-02,122.8499984741211,124.62000274658203,123.73500061035156
2020-12-03,124.16000366210938,123.61000061035156,123.88500213623047
2020-12-04,123.97000122070312,127.19999694824219,125.58499908447266
2020-12-07,126.48999786376953,124.69999694824219,125.59499740600586
2020-12-08,125.31999969482422,125.70999908447266,125.51499938964844
2020-12-09,125.80000305175781,126.79000091552734,126.29500198364258
2020-12-10,126.3499984741211,124.95999908447266,125.65499877929688
2020-12-11,124.08000183105469,124.2699966430664,124.17499923706055
2020-12-14,125.31999969482422,123.52999877929688,124.42499923706055
2020-12-15,124.38999938964844,125.93000030517578,125.15999984741211
2020-12-16,125.93000030517578,125.55000305175781,125.7400016784668
2020-12-17,126.08000183105469,125.55000305175781,125.81500244140625
2020-12-18,125.58999633789062,125.8499984741211,125.71999740600586
2020-12-21,123.97000122070312,123.38999938964844,123.68000030517578
2020-12-22,123.30999755859375,123.61000061035156,123.45999908447266
2020-12-23,123.87999725341797,123.9000015258789,123.88999938964844
2020-12-24,125.0,124.69000244140625,124.84500122070312
2020-12-28,125.0999984741211,124.81999969482422,124.95999908447266
2020-12-29,125.3499984741211,123.80000305175781,124.57500076293945
2020-12-30,123.80000305175781,124.33999633789062,124.06999969482422
2020-12-31,124.22000122070312,125.87999725341797,125.04999923706055
2021-01-04,125.8499984741211,123.94000244140625,124.89500045776367
2021-01-05,125.01000213623047,126.13999938964844,125.57500076293945
2021-01-06,126.9000015258789,129.2899932861328,128.09499740600586
2021-01-07,130.0399932861328,128.99000549316406,129.51499938964844
2021-01-08,128.57000732421875,128.52999877929688,128.5500030517578
2021-01-11,127.94999694824219,128.5800018310547,128.26499938964844
2021-01-12,129.08999633789062,129.2100067138672,129.1500015258789
2021-01-13,129.14999389648438,126.91999816894531,128.03499603271484
2021-01-14,128.02000427246094,128.97000122070312,128.49500274658203
2021-01-15,128.27999877929688,128.38999938964844,128.33499908447266
2021-01-19,129.27999877929688,129.02000427246094,129.1500015258789
2021-01-20,129.6999969482422,130.0800018310547,129.88999938964844
2021-01-21,130.1199951171875,131.64999389648438,130.88499450683594
2021-01-22,120.69999694824219,118.61000061035156,119.65499877929688
2021-01-25,118.76000213623047,118.58000183105469,118.67000198364258
2021-01-26,119.18000030517578,122.48999786376953,120.83499908447266
2021-01-27,122.08000183105469,122.47000122070312,122.2750015258789
2021-01-28,122.80000305175781,120.08000183105469,121.44000244140625
2021-01-29,120.22000122070312,119.11000061035156,119.66500091552734
2021-02-01,119.9000015258789,120.54000091552734,120.22000122070312
2021-02-02,119.36000061035156,119.44000244140625,119.4000015258789
2021-02-03,119.04000091552734,119.12000274658203,119.08000183105469
2021-02-04,119.91000366210938,121.0199966430664,120.46500015258789
2021-02-05,121.0,121.79000091552734,121.39500045776367
2021-02-08,122.62000274658203,123.61000061035156,123.1150016784668
2021-02-09,121.9000015258789,122.0999984741211,122.0
2021-02-10,123.02999877929688,122.23999786376953,122.6349983215332
2021-02-11,122.0,120.91000366210938,121.45500183105469
2021-02-12,121.0,120.80000305175781,120.9000015258789
2021-02-16,120.1500015258789,120.06999969482422,120.11000061035156
2021-02-17,119.2699966430664,119.97000122070312,119.61999893188477
2021-02-18,120.5,120.7300033569336,120.6150016784668
2021-02-19,120.75,118.98999786376953,119.86999893188477
2021-02-22,118.5,120.86000061035156,119.68000030517578
2021-02-23,120.91999816894531,120.70999908447266,120.81499862670898
2021-02-24,120.80000305175781,123.20999908447266,122.00500106811523
2021-02-25,123.37000274658203,122.47000122070312,122.92000198364258
2021-02-26,122.25,118.93000030517578,120.59000015258789
2021-03-01,120.3499984741211,120.73999786376953,120.54499816894531
2021-03-02,120.73999786376953,120.33000183105469,120.53499984741211
2021-03-03,120.5,122.36000061035156,121.43000030517578
2021-03-04,122.0,120.11000061035156,121.05500030517578
2021-03-05,120.63999938964844,122.83000183105469,121.73500061035156
2021-03-08,122.98999786376953,124.80999755859375,123.89999771118164
2021-03-09,125.4000015258789,124.18000030517578,124.79000091552734
2021-03-10,125.05000305175781,127.87000274658203,126.46000289916992
2021-03-11,128.08999633789062,127.13999938964844,127.61499786376953
2021-03-12,127.19000244140625,127.61000061035156,127.4000015258789
2021-03-15,127.7699966430664,128.5800018310547,128.17499923706055
2021-03-16,128.27999877929688,128.24000549316406,128.26000213623047
2021-03-17,128.4600067138672,129.02999877929688,128.74500274658203
2021-03-18,128.94000244140625,130.05999755859375,129.5
2021-03-19,130.02000427246094,128.89999389648438,129.45999908447266
2021-03-22,128.5,130.5500030517578,129.5250015258789
2021-03-23,130.44000244140625,130.4600067138672,130.45000457763672
2021-03-24,130.9499969482422,130.6199951171875,130.78499603271484
2021-03-25,130.3300018310547,133.07000732421875,131.70000457763672
2021-03-26,133.2899932861328,136.3800048828125,134.83499908447266
2021-03-29,135.97999572753906,135.86000061035156,135.9199981689453
2021-03-30,135.86000061035156,134.72000122070312,135.29000091552734
2021-03-31,134.5399932861328,133.25999450683594,133.89999389648438
2021-04-01,133.75999450683594,133.22999572753906,133.4949951171875
2021-04-05,133.63999938964844,135.92999267578125,134.78499603271484
2021-04-06,135.5800018310547,134.22000122070312,134.9000015258789
2021-04-07,133.83999633789062,134.92999267578125,134.38499450683594
2021-04-08,134.57000732421875,135.1199951171875,134.84500122070312
2021-04-09,134.8699951171875,135.72999572753906,135.29999542236328
2021-04-12,135.02000427246094,134.58999633789062,134.80500030517578
2021-04-13,133.0,131.17999267578125,132.08999633789062
2021-04-14,131.30999755859375,132.6300048828125,131.97000122070312
2021-04-15,133.27999877929688,132.5800018310547,132.93000030517578
2021-04-16,133.0,133.58999633789062,133.2949981689453
2021-04-19,133.60000610351562,133.1199951171875,133.36000061035156
2021-04-20,137.07000732421875,138.16000366210938,137.61500549316406
2021-04-21,138.05999755859375,143.5500030517578,140.80500030517578
2021-04-22,143.6999969482422,141.27999877929688,142.48999786376953
2021-04-23,141.30999755859375,142.42999267578125,141.8699951171875
2021-04-26,142.4199981689453,141.57000732421875,141.99500274658203
2021-04-27,141.69000244140625,142.00999450683594,141.8499984741211
2021-04-28,142.9199981689453,143.0,142.95999908447266
2021-04-29,144.1300048828125,144.24000549316406,144.18500518798828
2021-04-30,143.6999969482422,141.8800048828125,142.79000091552734
2021-05-03,143.80999755859375,144.75,144.27999877929688
2021-05-04,144.41000366210938,145.75,145.0800018310547
2021-05-05,145.94000244140625,145.22000122070312,145.5800018310547
2021-05-06,145.25999450683594,148.4199981689453,146.83999633789062
2021-05-07,145.9199981689453,145.4600067138672,145.69000244140625
2021-05-10,145.8000030517578,146.1699981689453,145.98500061035156
2021-05-11,144.99000549316406,144.22000122070312,144.6050033569336
2021-05-12,143.83999633789062,141.3000030517578,142.56999969482422
2021-05-13,141.4499969482422,144.1699981689453,142.80999755859375
2021-05-14,145.11000061035156,144.67999267578125,144.8949966430664
2021-05-17,144.44000244140625,145.11000061035156,144.7750015258789
2021-05-18,144.77999877929688,143.91000366210938,144.34500122070312
2021-05-19,142.32000732421875,143.19000244140625,142.7550048828125
2021-05-20,143.1199951171875,143.8800048828125,143.5
2021-05-21,144.27999877929688,144.74000549316406,144.51000213623047
2021-05-24,145.05999755859375,144.72000122070312,144.88999938964844
2021-05-25,144.9199981689453,143.7899932861328,144.35499572753906
2021-05-26,143.5,143.3800048828125,143.44000244140625
2021-05-27,143.82000732421875,143.82000732421875,143.82000732421875
2021-05-28,144.2100067138672,143.74000549316406,143.97500610351562
2021-06-01,145.0,144.19000244140625,144.59500122070312
2021-06-02,144.6199951171875,145.72000122070312,145.1699981689453
2021-06-03,144.91000366210938,145.5500030517578,145.2300033569336
2021-06-04,146.0,147.4199981689453,146.70999908447266
2021-06-07,147.5500030517578,148.02000427246094,147.78500366210938
2021-06-08,148.1199951171875,149.07000732421875,148.59500122070312
2021-06-09,149.02999877929688,150.6699981689453,149.8499984741211
2021-06-10,151.47000122070312,150.5399932861328,151.00499725341797
2021-06-11,150.42999267578125,151.27999877929688,150.85499572753906
2021-06-14,150.7100067138672,150.02999877929688,150.37000274658203
2021-06-15,149.85000610351562,149.36000061035156,149.6050033569336
2021-06-16,149.75999450683594,147.8300018310547,148.7949981689453
2021-06-17,147.5500030517578,145.60000610351562,146.57500457763672
2021-06-18,144.47999572753906,143.1199951171875,143.79999542236328
2021-06-21,144.11000061035156,146.64999389648438,145.37999725341797
2021-06-22,146.52000427246094,146.36000061035156,146.44000244140625
2021-06-23,146.42999267578125,144.61000061035156,145.5199966430664
2021-06-24,145.8000030517578,145.44000244140625,145.62000274658203
2021-06-25,145.3800048828125,146.83999633789062,146.11000061035156
2021-06-28,147.00999450683594,145.2899932861328,146.14999389648438
2021-06-29,145.25999450683594,145.5500030517578,145.40499877929688
2021-06-30,145.1300048828125,146.58999633789062,145.86000061035156
2021-07-01,146.9600067138672,146.83999633789062,146.9000015258789
2021-07-02,146.91000366210938,140.02000427246094,143.46500396728516
2021-07-06,139.99000549316406,138.77999877929688,139.38500213623047
2021-07-07,138.75999450683594,139.82000732421875,139.29000091552734
2021-07-08,137.77999877929688,140.74000549316406,139.26000213623047
2021-07-09,141.4499969482422,141.52000427246094,141.48500061035156
2021-07-12,141.42999267578125,140.9199981689453,141.17499542236328
2021-07-13,140.9199981689453,140.27999877929688,140.5999984741211
2021-07-14,140.72000122070312,139.82000732421875,140.27000427246094
2021-07-15,139.32000732421875,140.4499969482422,139.88500213623047
2021-07-16,141.0,138.89999389648438,139.9499969482422
2021-07-19,136.4499969482422,137.9199981689453,137.18499755859375
2021-07-20,143.0,139.97000122070312,141.48500061035156
2021-07-21,139.97000122070312,141.3000030517578,140.63500213623047
2021-07-22,141.66000366210938,140.7100067138672,141.18500518798828
2021-07-23,140.9600067138672,141.33999633789062,141.1500015258789
2021-07-26,141.38999938964844,142.77000427246094,142.0800018310547
2021-07-27,142.52999877929688,142.75,142.63999938964844
2021-07-28,143.00999450683594,141.77000427246094,142.38999938964844
2021-07-29,142.3300018310547,141.92999267578125,142.12999725341797
2021-07-30,141.52000427246094,140.9600067138672,141.24000549316406
2021-08-02,141.4499969482422,141.4199981689453,141.43499755859375
2021-08-03,141.89999389648438,144.07000732421875,142.98500061035156
2021-08-04,143.8000030517578,142.75999450683594,143.27999877929688
2021-08-05,143.02999877929688,142.77000427246094,142.9000015258789
2021-08-06,143.0,144.08999633789062,143.5449981689453
2021-08-09,142.1999969482422,141.25,141.7249984741211
2021-08-10,141.2100067138672,141.3800048828125,141.29500579833984
2021-08-11,141.77999877929688,142.1300048828125,141.9550018310547
2021-08-12,142.25999450683594,143.07000732421875,142.66500091552734
2021-08-13,142.63999938964844,143.17999267578125,142.90999603271484
2021-08-16,143.22999572753906,143.58999633789062,143.40999603271484
2021-08-17,143.0,142.4199981689453,142.70999908447266
2021-08-18,141.6699981689453,139.47000122070312,140.56999969482422
2021-08-19,138.69000244140625,138.02000427246094,138.3550033569336
2021-08-20,137.74000549316406,139.11000061035156,138.4250030517578
2021-08-23,139.6199951171875,139.6199951171875,139.6199951171875
2021-08-24,139.77999877929688,139.83999633789062,139.80999755859375
2021-08-25,139.9199981689453,139.86000061035156,139.88999938964844
2021-08-26,139.97000122070312,138.77999877929688,139.375
2021-08-27,138.7100067138672,139.41000366210938,139.06000518798828
2021-08-30,139.5,138.97000122070312,139.23500061035156
2021-08-31,139.5399932861328,140.33999633789062,139.93999481201172
2021-09-01,139.97999572753906,139.3000030517578,139.63999938964844
2021-09-02,139.72000122070312,140.00999450683594,139.86499786376953
2021-09-03,139.67999267578125,139.5800018310547,139.62999725341797
2021-09-07,139.64999389648438,138.05999755859375,138.85499572753906
2021-09-08,138.13999938964844,138.6699981689453,138.40499877929688
2021-09-09,137.85000610351562,137.74000549316406,137.79500579833984
2021-09-10,138.82000732421875,137.02000427246094,137.92000579833984
2021-09-13,138.39999389648438,138.14999389648438,138.27499389648438
2021-09-14,138.39999389648438,136.22000122070312,137.30999755859375
2021-09-15,136.22000122070312,137.1999969482422,136.70999908447266
2021-09-16,137.27999877929688,136.42999267578125,136.85499572753906
2021-09-17,135.75,135.22999572753906,135.48999786376953
2021-09-20,133.89999389648438,134.30999755859375,134.10499572753906
2021-09-21,135.11000061035156,132.97000122070312,134.04000091552734
2021-09-22,133.72000122070312,134.6300048828125,134.1750030517578
2021-09-23,135.25,136.72999572753906,135.98999786376953
2021-09-24,137.02999877929688,137.49000549316406,137.26000213623047
2021-09-27,137.9600067138672,138.55999755859375,138.26000213623047
2021-09-28,139.1699981689453,137.47000122070312,138.31999969482422
2021-09-29,137.72999572753906,139.17999267578125,138.45499420166016
2021-09-30,140.0,138.92999267578125,139.46499633789062
2021-10-01,141.0,143.32000732421875,142.16000366210938
2021-10-04,142.74000549316406,144.11000061035156,143.4250030517578
2021-10-05,144.75,143.14999389648438,143.9499969482422
2021-10-06,142.47999572753906,142.36000061035156,142.4199981689453
2021-10-07,142.72999572753906,141.80999755859375,142.2699966430664
2021-10-08,141.80999755859375,143.22000122070312,142.51499938964844
2021-10-11,143.5,142.42999267578125,142.96499633789062
2021-10-12,142.2100067138672,140.47000122070312,141.34000396728516
2021-10-13,140.52000427246094,140.75999450683594,140.63999938964844
2021-10-14,141.0399932861328,143.38999938964844,142.21499633789062
2021-10-15,143.38999938964844,144.61000061035156,144.0
2021-10-18,144.0,142.32000732421875,143.16000366210938
2021-10-19,141.0800018310547,141.97999572753906,141.52999877929688
2021-10-20,141.67999267578125,141.89999389648438,141.7899932861328
