Date,OpenValue,CloseValue,DayChange%,OpenChange%
10/08/2021,144.03,142.9,-0.7845587724779527,0
10/07/2021,143.06,143.29,0.16077170418005715,0.11196641007697453
10/06/2021,139.47,142.0,1.8140101814010192,-2.6659222555656314
10/05/2021,139.49,141.11,1.1613735751666818,-1.7676056338028105
10/04/2021,141.76,139.14,-1.8481941309255112,0.46063354829563974
10/01/2021,141.9,142.65,0.5285412262156448,1.9836136265631878
09/30/2021,143.66,141.5,-1.5035500487261566,0.7080266386260012
09/29/2021,142.47,142.83,0.2526847757422711,0.6855123674911653
09/28/2021,143.25,141.91,-0.9354275741710321,0.29405587061540817
09/27/2021,145.47,145.37,-0.06874269608853668,2.508632231696147
09/24/2021,145.66,146.92,0.8650281477413091,0.19949095411707507
09/23/2021,146.65,146.83,0.12274122059325387,-0.18377348216715345
09/22/2021,144.45,145.85,0.9691934925579826,-1.6209221548729984
09/21/2021,143.93,143.43,-0.34739109289237824,-1.3164209804593676
09/20/2021,143.8,142.94,-0.598052851182207,0.25796555811197414
09/17/2021,148.82,146.06,-1.854589436903636,4.113614103819781
09/16/2021,148.44,148.79,0.23578550255995306,1.6294673421881387
09/15/2021,148.56,149.03,0.3163704900376944,-0.15458028093285153
09/14/2021,150.35,148.12,-1.4832058530096373,0.8857277058310362
09/13/2021,150.63,149.55,-0.7169886476797345,1.694571968674042
09/10/2021,155.0,148.97,-3.890322580645162,3.6442661317285108
09/09/2021,155.49,154.07,-0.9132420091324303,4.376720144995644
09/08/2021,156.98,155.11,-1.191234552172236,1.888751866034917
09/07/2021,154.97,156.69,1.1098922372072006,-0.09025852620721732
09/03/2021,153.76,154.3,0.3511966701352891,-1.8699342651094562
09/02/2021,153.87,153.65,-0.14297783843504183,-0.27867790019443084
09/01/2021,152.83,152.51,-0.20938297454689628,-0.5336804425642651
08/31/2021,152.66,151.83,-0.5436918642735387,0.09835420628155904
08/30/2021,149.0,153.12,2.7651006711409427,-1.8639267601923284
08/27/2021,147.48,148.6,0.7594250067805836,-3.6833855799373136
08/26/2021,148.35,147.54,-0.5460060667340764,-0.16823687752355315
08/25/2021,149.81,148.36,-0.9678926640411112,1.5385658126609802
08/24/2021,149.45,149.62,0.11375041820007757,0.734699379886745
08/23/2021,148.31,149.71,0.9439687141797625,-0.8755513968720775
08/20/2021,147.44,148.19,0.5086814975583288,-1.5162647785719126
08/19/2021,145.03,146.7,1.1514858994690669,-2.1323975976786533
08/18/2021,149.8,146.36,-2.2963951935914535,2.113156100886178
08/17/2021,150.23,150.19,-0.026625840378081637,2.6441650724241432
08/16/2021,148.535,151.12,1.7403305618204516,-1.101937545775352
08/13/2021,148.97,149.1,0.0872658924615664,-1.4227104287983097
08/12/2021,146.19,148.89,1.8469115534578213,-1.9517102615694144
08/11/2021,146.05,145.86,-0.1300924340979101,-1.907448451877208
08/10/2021,146.44,145.6,-0.5736137667304039,0.39764157411215134
08/09/2021,146.2,146.09,-0.07523939808480522,0.4120879120879082
08/06/2021,146.35,146.14,-0.14349162965494225,0.17797248271612767
08/05/2021,146.98,147.06,0.0544291740372925,0.5747912960175198
08/04/2021,147.27,146.95,-0.21728797446867765,0.14279885760914454
08/03/2021,145.81,147.36,1.0630272272135048,-0.7757740728138731
08/02/2021,146.36,145.52,-0.5739273025416803,-0.6786102062975027
07/30/2021,144.38,145.86,1.0250727247541338,-0.783397471137998
07/29/2021,144.685,145.64,0.6600546013753907,-0.8055669820375779
07/28/2021,144.81,144.98,0.11739520751328464,-0.5698983795660424
07/27/2021,149.12,146.77,-1.5759120171673782,2.8555662850048384
07/26/2021,148.27,148.99,0.4856005935118357,1.02200722218437
07/23/2021,147.55,148.56,0.6845137241612951,-0.9665078193167311
07/22/2021,145.935,146.8,0.5927296399081845,-1.7669628432956381
07/21/2021,145.53,145.4,-0.08932866075722906,-0.8651226158038215
07/20/2021,143.46,146.15,1.8750871323016851,-1.334250343878953
07/19/2021,143.75,142.45,-0.9043478260869644,-1.6421484775915194
07/16/2021,148.46,146.39,-1.394314966994491,4.2190242190242335
07/15/2021,149.24,148.48,-0.5092468507102783,1.9468542933260626
07/14/2021,148.1,149.15,0.7089804186360644,-0.255926724137928
07/13/2021,144.03,145.64,1.1178226758314136,-3.4327857861213578
07/12/2021,146.21,144.5,-1.1695506463306258,0.3913759956056177
07/09/2021,142.75,145.11,1.6532399299474703,-1.2110726643598615
07/08/2021,141.58,143.24,1.1724819889814921,-2.4326373096271796
07/07/2021,143.535,144.57,0.7210784826000604,0.20594805920133166
07/06/2021,140.07,142.02,1.3921610623259921,-3.112678979041295
07/02/2021,137.9,139.96,1.4938361131254547,-2.900999859174767
07/01/2021,136.6,137.27,0.49048316251831325,-2.400685910260084
06/30/2021,136.17,136.96,0.5801571564955721,-0.8013404239819499
06/29/2021,134.8,136.33,1.135014836795253,-1.5771028037383152
06/28/2021,133.41,134.78,1.026909527021966,-2.141861659209283
06/25/2021,133.46,133.11,-0.2622508616813984,-0.9793737943314982
06/24/2021,134.45,133.41,-0.773521755299362,1.0066861993839493
06/23/2021,133.77,133.7,-0.05232862375721133,0.26984483921746016
06/22/2021,132.13,133.98,1.4001362294709714,-1.1742707554225829
06/21/2021,130.3,132.3,1.5349194167306215,-2.7466786087475583
06/18/2021,130.71,130.46,-0.19126310152245427,-1.2018140589569186
06/17/2021,129.8,131.79,1.5331278890600775,-0.5059021922428304
06/16/2021,130.37,130.15,-0.16875047940477014,-1.0774717353365109
06/15/2021,129.94,129.64,-0.23087578882562057,-0.16135228582405528
06/14/2021,127.82,130.48,2.0810514786418373,-1.4038876889848761
06/11/2021,126.53,127.35,0.6480676519402458,-3.0272838749233517
06/10/2021,127.02,126.11,-0.7164226106124993,-0.2591283863368656
06/09/2021,127.21,127.13,-0.06288813772502028,0.8722543810958642
06/08/2021,126.6,126.74,0.11058451816745701,-0.4168960906159059
06/07/2021,126.17,125.9,-0.21399698819053342,-0.4497396244279574
06/04/2021,124.07,125.89,1.4669138389618823,-1.4535345512311457
06/03/2021,124.68,123.54,-0.914340712223292,-0.9611565652553767
06/02/2021,124.28,125.06,0.6276150627615072,0.5989962765096284
06/01/2021,125.08,124.28,-0.6395906619763329,0.015992323684628194
05/28/2021,125.57,124.61,-0.7645138169945,1.0379787576440231
05/27/2021,126.44,125.28,-0.9174311926605477,1.4685819757643837
05/26/2021,126.955,126.85,-0.08270647079674215,1.3370051085568304
05/25/2021,127.82,126.9,-0.7197621655452884,0.7646826960977524
05/24/2021,126.01,127.1,0.865010713435433,-0.7013396375098507
05/21/2021,127.82,125.43,-1.8698169300578833,0.5664830841856797
05/20/2021,125.23,127.31,1.6609438632915423,-0.15945148688511745
05/19/2021,123.16,124.69,1.2422864566417677,-3.259759641819186
05/18/2021,126.56,124.85,-1.3511378002528507,1.49971930387361
05/17/2021,126.82,126.27,-0.43368553855858477,1.5778934721665991
05/14/2021,126.25,127.45,0.9504950495049527,-0.015839074998016966
05/13/2021,124.58,124.97,0.313051854230214,-2.2518634758728946
05/12/2021,123.4,122.77,-0.5105348460291812,-1.2563015123629617
05/11/2021,123.5,125.91,1.9514170040485803,0.5946078032092563
05/10/2021,129.41,126.85,-1.9782087937562802,2.779763323008498
05/07/2021,130.85,130.21,-0.4891096675582624,3.1533307055577455
05/06/2021,127.89,129.74,1.4465556337477588,-1.7817371937639253
05/05/2021,129.2,128.1,-0.8513931888544848,-0.4162170494835983
05/04/2021,131.19,127.85,-2.5459257565363242,2.4121779859484804
05/03/2021,132.04,132.54,0.378673129354741,3.2772780602268266
04/30/2021,131.78,131.46,-0.24282895735315918,-0.5734118002112502
04/29/2021,136.47,133.48,-2.19095771964535,3.811045184847094
04/28/2021,134.31,133.58,-0.5435187253368995,0.6218160023973723
04/27/2021,135.01,134.39,-0.4592252425746275,1.0705195388531055
04/26/2021,134.83,134.72,-0.0815842171623627,0.3274053128953242
04/23/2021,132.16,134.32,1.6343825665859542,-1.9002375296912133
04/22/2021,133.04,131.94,-0.8268190018039644,-0.9529481834425263
04/21/2021,132.36,133.5,0.8612873980054293,0.3183265120509443
04/20/2021,135.02,133.11,-1.414605243667602,1.138576779026225
04/19/2021,133.51,134.84,0.9961800614186297,0.30050334309967486
04/16/2021,134.3,134.16,-0.10424422933731554,-0.40047463660634236
04/15/2021,133.82,134.5,0.5081452697653616,-0.25342874180083735
04/14/2021,134.94,132.03,-2.1565140062249863,0.32713754646839976
04/13/2021,132.44,134.43,1.5025672002416257,0.31053548435961265
04/12/2021,132.52,131.24,-0.9658919408391194,-1.420813806442012
04/09/2021,129.8,132.995,2.4614791987673286,-1.0972264553489772
04/08/2021,128.95,130.36,1.0934470725087437,-3.041467724350551
04/07/2021,125.83,127.9,1.6450766907732715,-3.4749923289352678
04/06/2021,126.5,126.21,-0.22924901185771246,-1.0946051602814744
04/05/2021,123.87,125.9,1.6388148865746355,-1.8540527691941917
04/01/2021,123.66,123.0,-0.5337214944201817,-1.7791898332009604
03/31/2021,121.65,122.15,0.4110152075626798,-1.0975609756097515
03/30/2021,120.11,119.9,-0.17483973024726812,-1.6700777732296408
03/29/2021,121.65,121.39,-0.2137279079325977,1.4595496246872393
03/26/2021,120.35,121.21,0.714582467802243,-0.8567427300436661
03/25/2021,119.54,120.59,0.8783670737828317,-1.377774111046933
03/24/2021,122.82,120.09,-2.222765021983382,1.8492412306161288
03/23/2021,123.33,122.54,-0.6405578529149372,2.697976517611787
03/22/2021,120.33,123.39,2.5430067314884086,-1.8034927370654545
03/19/2021,119.9,119.99,0.0750625521267633,-2.8284301807277696
03/18/2021,122.88,120.53,-1.9124348958333286,2.408534044503709
03/17/2021,124.05,124.76,0.5723498589278582,2.9204347465361287
03/16/2021,125.7,125.57,-0.10342084327765289,0.7534466175056089
03/15/2021,121.41,123.99,2.1250308870768455,-3.3128932069761863
03/12/2021,120.4,121.03,0.5232558139534845,-2.895394789902403
03/11/2021,122.54,121.96,-0.4733148359719377,1.2476245558952368
03/10/2021,121.69,119.98,-1.4052099597337446,-0.22138406034765173
03/09/2021,119.03,121.085,1.7264555154162753,-0.7917986331055199
03/08/2021,120.93,116.36,-3.7790457289341,-0.12800924970061275
03/05/2021,120.98,121.42,0.36369647875681743,3.9704365761430083
03/04/2021,121.75,120.13,-1.330595482546205,0.2717838906275723
03/03/2021,124.81,122.06,-2.203349090617739,3.895779572130198
03/02/2021,128.41,125.12,-2.5621057550034982,5.202359495330161
03/01/2021,123.75,127.79,3.2646464646464692,-1.094948849104863
02/26/2021,122.59,121.26,-1.0849172036870856,-4.06917599186165
02/25/2021,124.68,120.99,-2.9595765158806637,2.8203859475507187
02/24/2021,124.94,125.35,0.3281575156074889,3.26473262253079
02/23/2021,123.76,125.86,1.6968325791855157,-1.2684483446350134
02/22/2021,128.01,126.0,-1.5701898289196086,1.7082472588590432
02/19/2021,130.24,129.87,-0.28409090909091256,3.365079365079372
02/18/2021,129.2,129.71,0.39473684210527815,-0.5159005159005281
02/17/2021,131.25,130.84,-0.3123809523809498,1.1872638963842357
02/16/2021,135.49,133.19,-1.6975422540408969,3.5539590339345812
02/12/2021,134.35,135.37,0.759211016002985,0.8709362564757088
02/11/2021,135.9,135.13,-0.5665930831493821,0.3915195390411473
02/10/2021,136.48,135.39,-0.7986518171160636,0.9990379634426066
02/09/2021,136.62,136.01,-0.4464939247548043,0.9084865942831954
02/08/2021,136.03,136.91,0.6469161214437958,0.014704801117572407
02/05/2021,137.35,136.76,-0.42955951947579424,0.32137900810751424
02/04/2021,136.3,137.39,0.799706529713848,-0.336355659549561
02/03/2021,135.76,133.94,-1.3406010606953398,-1.1864036683892536
02/02/2021,135.73,134.99,-0.5452000294702577,1.3364192922203912
02/01/2021,133.75,134.14,0.29158878504671876,-0.9185865619675598
01/29/2021,135.83,131.96,-2.8491496723846015,1.259877739674986
01/28/2021,139.52,137.09,-1.7416857798165184,5.72900879054259
01/27/2021,143.43,142.06,-0.9551697692254092,4.624699102779198
01/26/2021,143.6,143.16,-0.30640668523676723,1.084048993383072
01/25/2021,143.07,142.92,-0.10484378276368608,-0.06286672254820021
01/22/2021,136.28,139.07,2.047255650132075,-4.645955779457029
01/21/2021,133.8,136.87,2.294469357249621,-3.78945854605593
01/20/2021,128.66,132.03,2.6193066998290107,-5.9983926353474155
01/19/2021,127.78,127.83,0.03912975426514099,-3.218965386654548
01/15/2021,128.78,127.14,-1.2734896723093652,0.7431745286708933
01/14/2021,130.8,128.91,-1.4449541284403782,2.8787163756488994
01/13/2021,128.76,130.89,1.6542404473438923,-0.11636025133814731
01/12/2021,128.5,128.8,0.23346303501946408,-1.825960730384282
01/11/2021,129.19,128.98,-0.16255128105891165,0.30279503105589
01/08/2021,132.43,132.05,-0.2869440459110439,2.6748333074895467
01/07/2021,128.36,130.92,1.9943907759426407,-2.794396062097688
01/06/2021,127.72,126.6,-0.8769182586908899,-2.4442407577146263
01/05/2021,128.89,131.01,1.6448134067809796,1.8088467614533903
01/04/2021,133.52,129.41,-3.078190533253455,1.9158842836424848
12/31/2020,134.08,132.69,-1.0366945107398677,3.608685572985099
12/30/2020,135.58,133.72,-1.37188375866648,2.1780088929082937
12/29/2020,138.05,134.87,-2.303513219847886,3.2381094825007577
12/28/2020,133.99,136.69,2.0150757519217763,-0.652480166085857
12/24/2020,131.32,131.97,0.49497410904660805,-3.928597556514745
12/23/2020,132.16,130.96,-0.9079903147699673,0.143972114874591
12/22/2020,131.61,131.88,0.2051515842261088,0.49633475870495236
12/21/2020,125.02,128.23,2.567589185730278,-5.201698513800424
12/18/2020,128.96,126.655,-1.787375930521097,0.569289557825796
12/17/2020,128.9,128.7,-0.15515903801397754,1.772531680549528
12/16/2020,127.41,127.81,0.31394709991366904,-1.0023310023309961
12/15/2020,124.34,127.88,2.847032330706122,-2.7149675299272347
12/14/2020,122.6,121.78,-0.6688417618270744,-4.128870816390367
12/11/2020,122.43,122.41,-0.016335865392477524,0.5337493841353307
12/10/2020,120.5,123.24,2.2738589211618216,-1.5603300383955532
12/09/2020,124.53,121.78,-2.208303220107605,1.0467380720545327
12/08/2020,124.37,124.38,0.008040524242173277,2.1267860075546094
12/07/2020,122.31,123.75,1.1773362766740232,-1.6642547033285038
12/04/2020,122.6,122.25,-0.2854812398042368,-0.929292929292934
12/03/2020,123.52,122.94,-0.4695595854922266,1.0388548057259681
12/02/2020,122.02,123.08,0.8687100475331931,-0.7483325199284218
12/01/2020,121.01,122.72,1.4131063548467016,-1.6818329541761399
11/30/2020,116.97,119.05,1.7782337351457627,-4.6854628422425035
11/27/2020,116.57,116.59,0.01715707300335441,-2.0831583368332667
11/25/2020,115.55,116.03,0.41540458675898223,-0.892014752551682
11/24/2020,113.91,115.17,1.1061364234922353,-1.8271136774972028
11/23/2020,117.18,113.85,-2.841781874039949,1.745246157853612
11/20/2020,118.64,117.34,-1.0957518543492897,4.207290294246822
11/19/2020,117.59,118.64,0.8929330725401795,0.21305607635929777
11/18/2020,118.61,118.03,-0.4889975550122235,-0.02528658125421539
11/17/2020,119.55,119.39,-0.13383521539104692,1.2878081843599052
11/16/2020,118.92,120.3,1.1604439959636692,-0.3936678113744861
11/13/2020,119.44,119.26,-0.1507032819825792,-0.7148794679966746
11/12/2020,119.62,119.21,-0.3427520481524919,0.3018614791212472
11/11/2020,117.19,119.49,1.9626247973376545,-1.6944887173894776
11/10/2020,115.55,115.97,0.36347901341410793,-3.2973470583312396
11/09/2020,120.5,116.32,-3.4688796680497984,3.9061826334396836
11/06/2020,118.32,118.69,0.3127112914131208,1.7193947730398902
11/05/2020,117.95,119.03,0.915642221280202,-0.6234729126295349
11/04/2020,114.14,114.95,0.7096548098826023,-4.108208014786189
11/03/2020,109.66,110.44,0.7112894400875444,-4.602000869943459
11/02/2020,109.11,108.77,-0.31161213454312475,-1.2042738138355653
10/30/2020,111.06,108.86,-1.9809112191608165,2.1053599338052833
10/29/2020,112.37,115.32,2.6252558512058277,3.2243248208708484
10/28/2020,115.05,111.2,-3.3463711429813072,-0.23413111342351373
10/27/2020,115.49,116.6,0.9611221750800931,3.857913669064741
10/26/2020,114.01,115.05,0.912200684150506,-2.2212692967409855
10/23/2020,116.39,115.04,-1.1598934616375929,1.164710995219473
10/22/2020,117.45,115.75,-1.4474244359301855,2.094923504867869
10/21/2020,116.67,116.87,0.1714236736093279,0.7948164146868265
10/20/2020,116.2,117.51,1.127366609294322,-0.5732865577137004
10/19/2020,119.96,115.98,-3.317772590863613,2.0849289422176738
10/16/2020,121.28,119.02,-1.8634564643799514,4.569753405759611
10/15/2020,118.72,120.71,1.6762129380053863,-0.2520584775667931
10/14/2020,121.0,121.19,0.15702479338842787,0.24024521580648353
10/13/2020,125.27,121.1,-3.3288097708948685,3.3666144071292994
10/12/2020,120.06,124.4,3.614859237048145,-0.858794384805939
10/09/2020,115.28,116.97,1.465995836224842,-7.331189710610936
10/08/2020,116.25,114.97,-1.1010752688172052,-0.6155424467812249
10/07/2020,114.62,115.08,0.4013261210957893,-0.3044272418891836
10/06/2020,115.7,113.16,-2.1953327571305152,0.5387556482447032
10/05/2020,113.91,116.5,2.2737248705118107,0.662778366914104
10/02/2020,112.89,113.02,0.11515634688634552,-3.098712446351931
10/01/2020,117.64,116.79,-0.7225433526011512,4.087772075738812
09/30/2020,113.79,115.81,1.7751999296950487,-2.5687130747495504
09/29/2020,114.55,114.09,-0.4015713662156209,-1.087988947413872
09/28/2020,115.01,114.96,-0.043474480479968144,0.8063809273380679
09/25/2020,108.43,112.28,3.550677856681725,-5.680236604036176
09/24/2020,105.17,108.22,2.9000665589046277,-6.332383327395796
09/23/2020,111.62,107.12,-4.03153556710267,3.141748290519318
09/22/2020,112.68,111.81,-0.772097976570824,5.1904406273338335
09/21/2020,104.54,110.08,5.299406925578718,-6.502101779805022
09/18/2020,110.4,106.84,-3.224637681159422,0.2906976744186114
09/17/2020,109.72,110.34,0.5650747356908536,2.6956196181205496
09/16/2020,115.23,112.13,-2.6902716306517473,4.431756389342034
09/15/2020,118.33,115.54,-2.357812896137913,5.529296352448054
09/14/2020,114.72,115.355,0.5535216178521662,-0.7097109226242058
09/11/2020,114.57,112.0,-2.243170114340572,-0.6805079970525861
09/10/2020,120.36,113.49,-5.707876370887342,7.4642857142857135
09/09/2020,117.26,117.32,0.0511683438512605,3.3218785796105474
09/08/2020,113.95,112.82,-0.9916630100921541,-2.8724855097170052
09/04/2020,120.07,120.96,0.7412342800033319,6.426165573479879
09/03/2020,126.91,120.88,-4.751398628949651,4.918981481481484
09/02/2020,137.59,131.4,-4.498873464641324,13.823626737260101
09/01/2020,132.76,134.18,1.0695992768906417,1.035007610350065
08/31/2020,127.58,129.04,1.1443799968647075,-4.918765836935466
08/28/2020,126.0125,124.8075,-0.9562543398472361,-2.34617172969621
08/27/2020,127.1425,125.01,-1.6772519023929788,1.870881156981747
08/26/2020,126.1793,126.5225,0.2719939007428286,0.9353651707863312
08/25/2020,124.6975,124.825,0.10224743880189878,-1.442431188128585
08/24/2020,128.6975,125.8575,-2.206725072359595,3.1023432805928204
08/21/2020,119.2625,124.37,4.282569961219999,-5.240053234809207
08/20/2020,115.75,118.275,2.181425485961128,-6.930931896759672
08/19/2020,115.9833,115.7075,-0.23779285466097605,-1.937603043753968
08/18/2020,114.3525,115.5625,1.0581316543145045,-1.1710563273772139
08/17/2020,116.0625,114.6075,-1.253634894991921,0.4326663061114116
08/14/2020,114.8288,114.9075,0.06853681306431642,0.19309382021246374
08/13/2020,114.43,115.01,0.5068600891374625,-0.41555163936208867
08/12/2020,110.4975,113.01,2.2738070997081405,-3.9235718633162358
08/11/2020,111.9688,109.375,-2.3165381784925816,-0.9213343951862697
08/10/2020,112.6,112.7275,0.11323268206040137,2.9485714285714235
08/07/2020,113.205,111.1125,-1.848416589373262,0.4235878556696387
08/06/2020,110.405,113.9025,3.1678818894071847,-0.6367420407244874
08/05/2020,109.3775,110.0625,0.6262713995108704,-3.972695946094252
08/04/2020,109.1325,109.665,0.48793897326645413,-0.8449744463373146
08/03/2020,108.2,108.9375,0.6816081330868735,-1.3358865636255899
07/31/2020,102.8838,106.26,3.2815661940947085,-5.557039586919111
07/30/2020,94.1875,96.19,2.1260783012607805,-11.361283643892344
07/29/2020,93.75,95.04,1.3760000000000068,-2.536646221020894
07/28/2020,94.3675,93.2525,-1.1815508517233253,-0.7075968013468007
07/27/2020,93.71,94.81,1.173834169245554,0.4906034690758918
07/24/2020,90.9875,92.615,1.7887072400054926,-4.031747705938198
07/23/2020,96.9985,92.845,-4.282024979767737,4.733034605625452
07/22/2020,96.6925,97.2725,0.5998396980117365,4.144003446604552
07/21/2020,99.1725,97.0,-2.190627442083238,1.9532755917654072
07/20/2020,96.4163,98.3575,2.013352514045856,-0.6017525773195807
07/17/2020,96.9875,96.3275,-0.6805000644412905,-1.3928780215031946
07/16/2020,96.5625,96.5225,-0.0414239482200712,0.24395940930679133
07/15/2020,98.99,97.725,-1.2779068592787157,2.556398767126837
07/14/2020,94.84,97.0575,2.3381484605651632,-2.952161678178553
07/13/2020,97.265,95.4775,-1.8377628129337318,0.21379079411688534
07/10/2020,95.335,95.92,0.6136256359154644,-0.14924982325680133
07/09/2020,96.2625,95.6825,-0.6025191533567051,0.35706839032527227
07/08/2020,94.18,95.3425,1.2343385007432515,-1.5702975988294596
07/07/2020,93.8525,93.1725,-0.7245411683226411,-1.5627867949760021
07/06/2020,92.5,93.4625,1.0405405405405468,-0.7217794950226725
07/02/2020,91.9625,91.0275,-1.016718771238279,-1.6049217600641967
07/01/2020,91.28,91.0275,-0.27662138475021664,0.2773887012166628
06/30/2020,90.02,91.2,1.3108198178182702,-1.106808382082346
06/29/2020,88.3125,90.445,2.4147204529370057,-3.166118421052635
06/26/2020,91.1025,88.4075,-2.9582064158502863,0.7269611366023695
06/25/2020,90.175,91.21,1.1477682284446873,1.9992647682606095
06/24/2020,91.25,90.015,-1.353424657534246,0.04385484047802462
06/23/2020,91.0,91.6325,0.6950549450549376,1.0942620674332049
06/22/2020,87.835,89.7175,2.1432230887459527,-4.144271955910839
06/19/2020,88.6587,87.43,-1.3858764001727855,-1.1801488004012652
06/18/2020,87.8525,87.9325,0.09106172277396578,0.4832437378474201
06/17/2020,88.7875,87.8975,-1.0023933549204567,0.9723367355641995
06/16/2020,87.865,88.02,0.17640698799294502,-0.03697488552006469
06/15/2020,83.3125,85.7475,2.9227306826706703,-5.348216314473979
06/12/2020,86.18,84.7,-1.7173358087723416,0.504387883028665
06/11/2020,87.3275,83.975,-3.8389968795625737,3.1021251475796903
06/10/2020,86.975,88.21,1.4199482609945382,3.572491813039595
06/09/2020,83.035,85.9975,3.5677726260010907,-5.866681782110869
06/08/2020,82.5625,83.365,0.9719909159727418,-3.9943021599465127
06/05/2020,80.8375,82.875,2.5204886346064566,-3.0318478977988237
06/04/2020,81.0975,80.58,-0.6381207805419382,-2.144796380090502
06/03/2020,81.165,81.28,0.14168668761164896,0.7259865971705237
06/02/2020,80.1863,80.835,0.8089910620642066,-1.3455954724409427
06/01/2020,79.4375,80.4625,1.2903225806451684,-1.7288303333951802
05/29/2020,79.8125,79.485,-0.41033672670321136,-0.807829734348306
05/28/2020,79.1925,79.5625,0.4672159611074339,-0.36799396112474553
05/27/2020,79.035,79.5275,0.6231416461061641,-0.6630007855459588
05/26/2020,80.875,79.1825,-2.092735703245744,1.6943824463235941
05/22/2020,78.9425,79.7225,0.9880609304240444,-0.30309727528179725
05/21/2020,79.665,79.2125,-0.5680035147178818,-0.07212518423279543
05/20/2020,79.17,79.8075,0.8052292535051192,-0.053653148177376014
05/19/2020,78.7575,78.285,-0.5999428625845115,-1.3156658208815102
05/18/2020,78.2925,78.74,0.5715745441772723,0.009580379383033008
05/15/2020,75.0875,76.9275,2.450474446479093,-4.638684277368541
05/14/2020,76.1275,77.385,1.6518340941184297,-1.0399402034382987
05/13/2020,78.0375,76.9125,-1.4416146083613648,0.8431866640821726
05/12/2020,79.4575,77.8525,-2.0199477708208664,3.308954981309933
05/11/2020,77.025,78.7525,2.2427783187276753,-1.0629074210847442
05/08/2020,76.41,77.5325,1.4690485538542106,-2.974508745754105
05/07/2020,75.805,75.935,0.17149264560384597,-2.228097894431357
05/06/2020,75.115,75.1575,0.05657991080344003,-1.0798709422532526
05/05/2020,73.765,74.39,0.8472852979055108,-1.8527758374081074
05/04/2020,72.2925,73.29,1.3798111837327554,-2.819599408522646
05/01/2020,71.5625,72.2675,0.9851528384279452,-2.3570746350116063
04/30/2020,72.49,73.45,1.3243205959442792,0.30788390355276796
04/29/2020,71.1825,71.9325,1.053629754504267,-3.0871341048332175
04/28/2020,71.27,69.645,-2.280061737056265,-0.9210023285719368
04/27/2020,70.45,70.7925,0.48616039744499806,1.155861870916802
04/24/2020,69.3,70.7425,2.0815295815295958,-2.108274181587042
04/23/2020,68.9675,68.7575,-0.3044912458766926,-2.5090999045835325
04/22/2020,68.4025,69.025,0.9100544570739406,-0.5163073119295929
04/21/2020,69.07,67.0925,-2.8630374981902307,0.06519377037303513
04/20/2020,69.4875,69.2325,-0.36697247706421365,3.5696985505086203
04/17/2020,71.1725,70.7,-0.6638800098352546,2.8021521684180084
04/16/2020,71.845,71.6725,-0.24010021574222204,1.6195190947666138
04/15/2020,70.6,71.1075,0.7188385269121919,-1.4963898287348776
04/14/2020,70.0,71.7625,2.5178571428571472,-1.557500966845975
04/13/2020,67.0775,68.3125,1.8411538891580628,-6.528479358996693
04/09/2020,67.175,66.9975,-0.26423520655004823,-1.6651418115279089
04/08/2020,65.685,66.5175,1.2674126512902428,-1.9590283219523115
04/07/2020,67.7,64.8575,-4.1986706056130005,1.7777276656519032
04/06/2020,62.725,65.6175,4.611398963730578,-3.287977489110743
04/03/2020,60.7,60.3525,-0.5724876441515712,-7.494189812169015
04/02/2020,60.085,61.2325,1.9097944578513788,-0.4432293608384048
04/01/2020,61.625,60.2275,-2.2677484787018267,0.6409994692361054
03/31/2020,63.9,63.5725,-0.5125195618153374,6.097712838819476
03/30/2020,62.685,63.7025,1.6231953417883038,-1.3960438869007759
03/27/2020,63.1875,61.935,-1.9821958456973259,-0.8084455084180379
03/26/2020,61.63,64.61,4.835307480123311,-0.49245176394607204
03/25/2020,62.6875,61.38,-2.085742771684941,-2.975545581179383
03/24/2020,59.09,61.72,4.450837705195457,-3.7308569566634064
03/23/2020,57.02,56.0925,-1.6266222378112976,-7.615035644847692
03/20/2020,61.795,57.31,-7.257868759608381,10.166243258902705
03/19/2020,61.8462,61.195,-1.0529345376110462,7.915198045716282
03/18/2020,59.9425,61.6675,2.877757851274128,-2.046735844431731
03/17/2020,61.8775,63.215,2.1615288271181057,0.34053593870353244
03/16/2020,60.4875,60.5525,0.10746021905353145,-4.314640512536591
03/13/2020,66.2225,69.4925,4.93789875042472,9.363775236365129
03/12/2020,63.985,62.0575,-3.0124247870594703,-7.925315681548378
03/11/2020,69.3475,68.8575,-0.7065863946068639,11.747169963340449
03/10/2020,69.285,71.335,2.9587933896225693,0.6208474022437569
03/09/2020,65.9375,66.5425,0.9175355450237028,-7.566411999719625
03/06/2020,70.5,72.2575,2.49290780141843,5.9473268963444355
03/05/2020,73.88,73.23,-0.8798050893340438,2.2454416496557483
03/04/2020,74.11,75.685,2.125219268654706,1.2016932950976313
03/03/2020,75.9175,72.33,-4.725524417953706,0.30719429213186455
03/02/2020,70.57,74.7025,5.855887771007522,-2.4332918567676
02/28/2020,64.315,68.34,6.258260125942636,-13.905157123255584
02/27/2020,70.275,68.38,-2.696549270722177,2.8314310798946476
02/26/2020,71.6325,73.1625,2.1359019997905997,4.756507750804325
02/25/2020,75.2375,72.02,-4.276457883369332,2.836152400478391
02/24/2020,74.315,74.545,0.30949337280495726,3.18661482921411
02/21/2020,79.655,78.2625,-1.74816395706484,6.854919847072237
02/20/2020,80.6575,80.075,-0.7221895050057292,3.060214023318953
02/19/2020,80.0,80.905,1.1312500000000014,-0.09366219169528922
02/18/2020,78.84,79.75,1.1542364282090265,-2.5523762437426583
02/14/2020,81.185,81.2375,0.06466711831002633,1.7993730407523538
02/13/2020,81.0475,81.2175,0.2097535395909827,-0.23388213571318384
02/12/2020,80.3675,81.8,1.782436930351187,-1.0465724751438967
02/11/2020,80.9,79.9025,-1.2330037082818321,-1.1002444987774957
02/10/2020,78.545,80.3875,2.345789038131009,-1.6989455899377386
02/07/2020,80.5925,80.0075,-0.7258739957192145,0.25501477219716784
02/06/2020,80.6425,81.3025,0.8184270080912628,0.7936755929131709
02/05/2020,80.88,80.3625,-0.6398367952522234,-0.5196642169674972
02/04/2020,78.8275,79.7125,1.1227046398782217,-1.9100948825633803
02/03/2020,76.075,77.165,1.4327965823200834,-4.563274266896663
01/31/2020,80.2325,77.3775,-3.558408375658248,3.975247845525815
01/30/2020,80.136,80.9675,1.0376110611959737,3.5649898226228527
01/29/2020,81.1125,81.085,-0.03390352904916432,0.17908420045079324
01/28/2020,78.15,79.4225,1.6282789507357565,-3.619658383178132
01/27/2020,77.515,77.2375,-0.35799522673031464,-2.4017123611067377
01/24/2020,80.0625,79.5775,-0.6057767369242772,3.6575497653342004
01/23/2020,79.48,79.8075,0.41205334675390104,-0.12252206968049585
01/22/2020,79.645,79.425,-0.27622575177349346,-0.20361494846976602
01/21/2020,79.2975,79.1425,-0.19546643967338334,-0.16052880075542678
01/17/2020,79.0675,79.6825,0.7778164226768384,-0.09476577060366155
01/16/2020,78.3975,78.81,0.5261647373959738,-1.612650205503104
01/15/2020,77.9625,77.835,-0.16354016354017883,-1.0753711457936765
01/14/2020,79.175,78.17,-1.2693400694663661,1.7215905440997028
01/13/2020,77.91,79.24,1.7070979335130256,-0.3326084175514969
01/10/2020,77.65,77.5825,-0.08692852543465507,-2.0065623422513745
01/09/2020,76.8088,77.4075,0.7794679776275554,-0.9972609802468224
01/08/2020,74.29,75.7975,2.029209853277686,-4.027387527048403
01/07/2020,74.96,74.5975,-0.48359124866595143,-1.1049177083676978
01/06/2020,73.4475,74.95,2.045678886279312,-1.5416066222058267
01/03/2020,74.2875,74.3575,0.09422850412250701,-0.8839226150767291
01/02/2020,74.06,75.0875,1.3873886038347332,-0.40009413979759867
12/31/2019,72.4825,73.4125,1.2830683268375023,-3.4692858331946117
12/30/2019,72.365,72.88,0.7116700062184766,-1.4268687212668136
12/27/2019,72.78,72.45,-0.4534212695795525,-0.13721185510427322
12/26/2019,71.205,72.4775,1.7870936029773303,-1.718426501035203
12/24/2019,71.1725,71.0675,-0.14752889107450767,-1.800558794108526
12/23/2019,70.1325,71.0,1.236944355327426,-1.3156506138530304
12/20/2019,70.5575,69.86,-0.9885554335116821,-0.6232394366197119
12/19/2019,69.875,70.005,0.18604651162790045,0.021471514457487215
12/18/2019,69.95,69.935,-0.021443888491780656,-0.07856581672736607
12/17/2019,69.8925,70.1025,0.30046142289946415,-0.06077071566455134
12/16/2019,69.25,69.965,1.0324909747292468,-1.2160764594700704
12/13/2019,67.865,68.7875,1.3593162896927717,-3.0015007503751994
12/12/2019,66.945,67.865,1.3742624542534945,-2.678538978738872
12/11/2019,67.2025,67.6925,0.7291395409396896,-0.9762027554704109
12/10/2019,67.15,67.12,-0.04467609828741792,-0.8014181777892525
12/09/2019,67.5,66.73,-1.1407407407407348,0.5661501787842602
12/06/2019,66.87,67.6775,1.2075669208912672,0.20980068934512297
12/05/2019,65.9475,66.395,0.6785700746806034,-2.5562409958996564
12/04/2019,65.2675,65.435,0.25663615122381583,-1.6981700429249156
12/03/2019,64.5775,64.8625,0.44133018466183516,-1.3104607625888312
12/02/2019,66.8175,66.04,-1.1636173158229344,3.0140682212372303
11/29/2019,66.65,66.8125,0.24381095273817602,0.9236826165960015
11/27/2019,66.395,66.96,0.8509676933503996,-0.6248830682881257
11/26/2019,66.735,66.0725,-0.9927324492395209,-0.3360215053763356
11/25/2019,65.6775,66.5925,1.3931711773438489,-0.597828143327421
11/22/2019,65.6475,65.445,-0.30846566891351623,-1.4190787250816643
11/21/2019,65.9225,65.5025,-0.6371117600212396,0.7296202918481264
11/20/2019,66.385,65.7975,-0.8849890788581843,1.347276821495374
11/19/2019,66.975,66.5725,-0.600970511384829,1.7895816710361259
11/18/2019,66.45,66.775,0.48908954100828117,-0.1840099140035334
11/15/2019,65.92,66.44,0.7888349514563046,-1.280419318607269
11/14/2019,65.9375,65.66,-0.4208530805687256,-0.7563214930764566
11/13/2019,65.2825,66.1175,1.2790564086853413,-0.5749314651233594
11/12/2019,65.3875,65.49,0.15675779009748353,-1.1040949824176713
11/11/2019,64.575,65.55,1.5098722415795498,-1.3971598717361309
11/08/2019,64.6725,65.035,0.560516448258529,-1.3386727688787152
11/07/2019,64.685,64.8575,0.2666769730231111,-0.5381717536710915
11/06/2019,64.1925,64.31,0.183043190403874,-1.0253247504143796
11/05/2019,64.2625,64.2825,0.031122349737398983,-0.07386098584978919
11/04/2019,64.3325,64.375,0.06606303190456454,0.07778166686111641
11/01/2019,62.385,63.955,2.516630600304561,-3.0912621359223333
10/31/2019,61.81,62.19,0.614787251253835,-3.3539207255101187
10/30/2019,61.19,60.815,-0.6128452361496977,-1.6079755587715068
10/29/2019,62.2425,60.8225,-2.281399365385391,2.347282742744392
10/28/2019,61.855,62.2625,0.6587988036537159,1.6975625796374678
10/25/2019,60.79,61.645,1.4064813291659877,-2.36498695041157
10/24/2019,61.1275,60.895,-0.38035254181832173,-0.8394841430773061
10/23/2019,60.525,60.795,0.44609665427509815,-0.6076032514984884
10/22/2019,60.29,59.99,-0.4975949577044239,-0.8306604161526484
10/21/2019,59.38,60.1275,1.2588413607275095,-1.0168361393565584
10/18/2019,58.6475,59.1025,0.7758216462764794,-2.461436114922451
10/17/2019,58.7725,58.82,0.08082011144667903,-0.5583520155661745
10/16/2019,58.3425,58.5925,0.4285040922140806,-0.811798707922474
10/15/2019,59.0975,58.83,-0.45264182071999376,0.8618850535478012
10/14/2019,58.725,58.9675,0.4129416773094929,-0.17848036715960713
10/11/2019,58.2375,59.0525,1.3994419403305514,-1.2379700682579453
10/10/2019,56.9825,57.5225,0.9476593691045482,-3.5053554040895816
10/09/2019,56.7575,56.7575,0.0,-1.329914381329046
10/08/2019,56.455,56.1,-0.6288194136923159,-0.532969211117477
10/07/2019,56.5675,56.765,0.34914040747778846,0.8333333333333354
10/04/2019,56.41,56.7525,0.6071618507356872,-0.62538536069762
10/03/2019,54.6075,55.205,1.094172045964376,-3.7795691819743555
10/02/2019,55.765,54.74,-1.838070474311842,1.0144008694864637
10/01/2019,56.2675,56.1475,-0.21326698360509608,2.7904640116916264
09/30/2019,55.225,55.9925,1.3897691263014906,-1.6429938999955465
09/27/2019,55.135,54.705,-0.7799038723134121,-1.5314551055945025
09/26/2019,55.0,54.9725,-0.050000000000006206,0.5392560095055328
09/25/2019,54.6375,55.2575,1.1347517730496406,-0.6093956068943449
09/24/2019,55.2575,54.42,-1.5156313622585145,0.0
09/23/2019,54.7375,54.68,-0.10504681434116911,0.5834252113193595
09/20/2019,55.345,54.4325,-1.6487487577920346,1.2161667885881478
09/19/2019,55.5025,55.24,-0.4729516688437381,1.965737381160153
09/18/2019,55.265,55.6925,0.7735456437166416,0.04525706010137324
09/17/2019,54.99,55.175,0.3364248045099021,-1.2613906719935368
09/16/2019,54.4325,54.975,0.9966472236255988,-1.345718169460806
09/13/2019,55.0,54.6875,-0.5681818181818182,0.045475216007273445
09/12/2019,56.2,55.7713,-0.7628113879003671,2.765714285714291
09/11/2019,54.5175,55.8975,2.5312972898610586,-2.2481096908266407
09/10/2019,53.465,54.175,1.3279715701860912,-4.351715192987159
09/09/2019,53.71,53.5425,-0.3118599888289033,-0.8583294877711053
09/06/2019,53.5125,53.315,-0.3690726465779119,-0.05603025633841161
09/05/2019,53.0,53.32,0.6037735849056609,-0.5908280971583939
09/04/2019,52.0975,52.2975,0.3838955804021361,-2.29276069017255
09/03/2019,51.6075,51.425,-0.35363077072131865,-1.3193747311056891
08/30/2019,52.54,52.185,-0.6756756756756698,2.168206125425381
08/29/2019,52.125,52.2525,0.2446043165467582,-0.11497556769186983
08/28/2019,51.025,51.3825,0.7006369426751626,-2.349169896177215
08/27/2019,51.965,51.04,-1.7800442605600004,1.1336544543375724
08/26/2019,51.465,51.6225,0.30603322646458536,0.8326802507837074
08/23/2019,52.3575,50.66,-3.242133409731185,1.4237977626035148
08/22/2019,53.2975,53.115,-0.34241756179932914,5.20627714172918
08/21/2019,53.2475,53.16,-0.16432696370722696,0.2494587216417213
08/20/2019,52.72,52.59,-0.24658573596357258,-0.8276899924755413
08/19/2019,52.655,52.5875,-0.1281929541354146,0.12359764213728414
08/16/2019,51.07,51.625,1.0867436851380454,-2.885666745899688
08/15/2019,50.865,50.435,-0.845375012287427,-1.4721549636803837
08/14/2019,50.79,50.6875,-0.2018113801929497,0.7038762763953541
08/13/2019,50.255,52.2425,3.954830365137792,-0.8532675709001183
08/12/2019,49.905,50.12,0.4308185552549771,-4.4743264583433
08/09/2019,50.325,50.2475,-0.15399900645802397,0.4090183559457411
08/08/2019,50.05,50.8575,1.6133866133866228,-0.39305438081497607
08/07/2019,48.8525,49.76,1.857632669771248,-3.942388045027779
08/06/2019,49.0775,49.25,0.35148489633742436,-1.3715836012861686
08/05/2019,49.4975,48.335,-2.3486034648214584,0.5025380710659945
08/02/2019,51.3825,51.005,-0.7346859339269162,6.3049550015516695
08/01/2019,53.475,52.1075,-2.5572697522206633,4.842662484070187
07/31/2019,54.105,53.26,-1.5617780242121782,3.8334212925202618
07/30/2019,52.19,52.195,0.00958037938302847,-2.0090123920390544
07/29/2019,52.115,52.42,0.5852441715437009,-0.1532713861480952
07/26/2019,51.87,51.935,0.12531328320802937,-1.0492178557802445
07/25/2019,52.2225,51.755,-0.8952080042127322,0.553576586117251
07/24/2019,51.9175,52.1675,0.4815332017142582,0.3139793256690065
07/23/2019,52.115,52.21,0.18228916818574087,-0.10063737001005395
07/22/2019,50.9125,51.805,1.7530076110974675,-2.485156100363914
07/19/2019,51.4475,50.6475,-1.5549832353369886,-0.6900878293601037
07/18/2019,51.0,51.415,0.8137254901960769,0.695986968754626
07/17/2019,51.0125,50.8375,-0.3430531732418608,-0.7828454731109528
07/16/2019,51.1475,51.125,-0.043990419864120146,0.6097860831079465
07/15/2019,51.0225,51.3025,0.5487775001224972,-0.20048899755501057
07/12/2019,50.6125,50.825,0.41985675475427153,-1.3449636957263384
07/11/2019,50.8275,50.4375,-0.7673011657075414,0.004918839153955192
07/10/2019,50.4625,50.8075,0.6836759970274935,0.049566294919451956
07/09/2019,49.8,50.31,1.024096385542179,-1.9829749544850668
07/08/2019,50.2025,50.005,-0.39340670285343954,-0.21367521367521702
07/05/2019,50.8375,51.0575,0.4327514138185372,1.6648335166483272
07/03/2019,50.82,51.1025,0.5558835104289627,-0.4651618273515099
07/02/2019,50.3525,50.6825,0.6553795740032735,-1.4676385695416077
07/01/2019,50.7925,50.3875,-0.7973618152286146,0.21703743895821917
06/28/2019,49.67,49.48,-0.3825246627743202,-1.4239642768543808
06/27/2019,50.0725,49.935,-0.2746018273503335,1.197453516572355
06/26/2019,49.4425,49.95,1.0264448601911316,-0.9862821668168613
06/25/2019,49.6075,48.8925,-1.4413143173915302,-0.685685685685688
06/24/2019,49.635,49.645,0.020147073637564454,1.5186378278877124
06/21/2019,49.7,49.695,-0.010060362173043375,0.11078658475173675
06/20/2019,50.0925,49.865,-0.4541598043619287,0.7998792635073968
06/19/2019,49.92,49.4675,-0.9064503205128216,0.1102978040709911
06/18/2019,49.0125,49.6125,1.2241775057383204,-0.9197958255420191
06/17/2019,48.225,48.4725,0.5132192846034114,-2.7966742252456456
06/14/2019,47.8862,48.185,0.6239793510447685,-1.2095518077260186
06/13/2019,48.675,48.5375,-0.2824858757062059,1.0169139773788416
06/12/2019,48.4875,48.5475,0.1237432327919614,-0.10301313417461604
06/11/2019,48.715,48.7025,-0.025659447808688993,0.3450229157011257
06/10/2019,47.9525,48.145,0.40143892393514946,-1.5399620142703148
06/07/2019,46.6275,47.5375,1.9516379818776555,-3.1519368574099182
06/06/2019,45.77,46.305,1.1688879178501126,-3.7181172758348633
06/05/2019,46.07,45.635,-0.9442153245061912,-0.5075045891372411
06/04/2019,43.86,44.91,2.3939808481532086,-3.889558452941818
06/03/2019,43.9,43.325,-1.3097949886104687,-2.2489423291026456
05/31/2019,44.0575,43.7675,-0.65823072121659,1.690709751875348
05/30/2019,44.4875,44.575,0.1966844619275205,1.6450562632089998
05/29/2019,44.105,44.345,0.5441559913842013,-1.054402692091993
05/28/2019,44.73,44.5575,-0.38564721663313084,0.8681925808997588
05/24/2019,45.05,44.7425,-0.6825749167591508,1.1053133591426803
05/23/2019,44.95,44.915,-0.07786429365963002,0.4637648767950006
05/22/2019,46.165,45.695,-1.0180872955702347,2.783034620950685
05/21/2019,46.305,46.65,0.7450599287333957,1.334938177043439
05/20/2019,45.88,45.7725,-0.23430688753269768,-1.6505894962486518
05/17/2019,46.7325,47.25,1.1073663938372618,2.0973291823693287
05/16/2019,47.4775,47.52,0.08951608656732975,0.4814814814814797
05/15/2019,46.5675,47.73,2.496376228056035,-2.004419191919193
05/14/2019,46.6025,47.165,1.2070167909446918,-2.362245966897125
05/13/2019,46.9275,46.43,-1.0601459698471094,-0.5035513622389423
05/10/2019,49.3548,49.295,-0.12116349372299279,6.299375403833723
05/09/2019,50.1,50.18,0.15968063872255148,1.633025661831828
05/08/2019,50.475,50.725,0.49529470034670625,0.5878836189717053
05/07/2019,51.47,50.715,-1.4668739071303585,1.4687037949728878
05/06/2019,51.0725,52.12,2.051005922952664,0.7049196490190172
05/03/2019,52.7225,52.9375,0.40779553321637524,1.1559861857252478
05/02/2019,52.46,52.2875,-0.3288219595882566,-0.9020070838252641
05/01/2019,52.47,52.63,0.3049361539927648,0.3490317953621753
04/30/2019,50.765,50.1675,-1.176992022062452,-3.543606308189249
04/29/2019,51.1,51.1525,0.10273972602740115,1.8587731100812372
04/26/2019,51.225,51.075,-0.29282576866764,0.14173305312545428
04/25/2019,51.7075,51.32,-0.7494077261519176,1.238374938815468
04/24/2019,51.84,51.79,-0.09645061728395883,1.0132501948558128
04/23/2019,51.1075,51.87,1.4919532358264358,-1.3178219733539245
04/22/2019,50.7075,51.1325,0.8381403145491242,-2.2411798727588095
04/18/2019,50.78,50.965,0.364316660102407,-0.6893854202317491
04/17/2019,49.885,50.7825,1.7991380174401141,-2.119101344059659
04/16/2019,49.865,49.8125,-0.10528426752231422,-1.8067247575444236
04/15/2019,49.645,49.8075,0.3273240004028488,-0.33626097867000626
04/12/2019,49.8,49.7175,-0.16566265060240165,-0.015057973196808282
04/11/2019,50.2125,49.7375,-0.9459795867562886,0.9956252828480866
04/10/2019,49.67,50.155,0.9764445339238965,-0.13571249057551235
04/09/2019,50.08,49.875,-0.4093450479233193,-0.14953643704516567
04/08/2019,49.105,50.025,1.8735362997658114,-1.5438596491228134
04/05/2019,49.1125,49.25,0.2799694578773283,-1.824087956021992
04/04/2019,48.6975,48.9225,0.4620360388110302,-1.1218274111675168
04/03/2019,48.3125,48.8375,1.0866752910737358,-1.2468700495681935
04/02/2019,47.7725,48.505,1.5333089120309837,-2.180701305349368
04/01/2019,47.91,47.81,-0.20872469213106729,-1.2266776620967033
03/29/2019,47.4575,47.4875,0.06321445503870628,-0.7372934532524559
03/28/2019,47.2375,47.18,-0.12172532415982525,-0.526454330086865
03/27/2019,47.1875,47.1175,-0.14834437086092775,0.015896566341670804
03/26/2019,47.916,46.6975,-2.5429919024960324,1.6946994216586135
03/25/2019,47.8775,47.185,-1.446399665813786,2.5269018684083724
03/22/2019,48.835,47.7625,-2.196170779154291,3.496874006569881
03/21/2019,47.505,48.7725,2.6681401957688626,-0.5391258832766297
03/20/2019,46.5575,47.04,1.0363528969553815,-4.541493669588402
03/19/2019,47.0875,46.6325,-0.9662861693655393,0.10097789115646137
03/18/2019,46.45,47.005,1.1948331539289552,-0.39135795850532873
03/15/2019,46.2125,46.53,0.6870435488233758,-1.6859908520370257
03/14/2019,45.975,45.9325,-0.09244154431757254,-1.1927788523533198
03/13/2019,45.5625,45.4275,-0.29629629629629195,-0.8055298535895008
03/12/2019,45.0,45.2275,0.5055555555555536,-0.9410599306587463
03/11/2019,43.8725,44.725,1.9431306627158222,-2.99596484439776
03/08/2019,42.58,43.2275,1.5206669798027264,-4.795975405254339
03/07/2019,43.4675,43.125,-0.7879450163915594,0.5552021282748297
03/06/2019,43.6675,43.63,-0.08587622373617523,1.2579710144927463
03/05/2019,43.985,43.8825,-0.23303398885983667,0.8136603254641229
03/04/2019,43.9225,43.9625,0.09106949741020923,0.0911525095425264
03/01/2019,43.57,43.7425,0.39591462015147905,-0.8928063690645398
02/28/2019,43.58,43.2875,-0.6711794401101351,-0.3714922558152859
02/27/2019,43.3025,43.7175,0.958374227815944,0.034652035807104985
02/26/2019,43.4275,43.5825,0.3569167002475416,-0.6633499170812583
02/25/2019,43.54,43.5575,0.040192926045012164,-0.09751620489876436
02/22/2019,42.895,43.2425,0.8101177293390758,-1.5209780175629783
02/21/2019,42.95,42.765,-0.4307334109429622,-0.6764178759322353
02/20/2019,42.7975,43.0075,0.49068286698989627,0.07599672629486465
02/19/2019,42.4275,42.7325,0.7188733722232036,-1.3486019880253406
02/15/2019,42.8125,42.605,-0.4846715328467226,0.18721113906277023
02/14/2019,42.4275,42.7,0.6422721112486025,-0.4166177678676092
02/13/2019,42.8475,42.545,-0.7059921815741756,0.3454332552693062
02/12/2019,42.525,42.7225,0.4644326866549042,-0.04700904924198643
02/11/2019,42.7625,42.3575,-0.9470914937152906,0.0936274796652964
02/08/2019,42.2475,42.6025,0.8402864074797252,-0.25969426901965276
02/07/2019,43.1,42.735,-0.8468677494199581,1.1677718443753353
02/06/2019,43.6625,43.56,-0.2347552247351827,2.1703521703521753
02/05/2019,43.215,43.545,0.7636237417563305,-0.792011019283744
02/04/2019,41.8525,42.8125,2.293769786751092,-3.886783786887134
02/01/2019,41.74,41.63,-0.2635361763296584,-2.5051094890510903
01/31/2019,41.5275,41.61,0.19866353621093494,-0.2462166706701877
01/30/2019,40.8125,41.3125,1.2251148545176112,-1.916606584955538
01/29/2019,39.0625,38.67,-1.0047999999999957,-5.446293494704992
01/28/2019,38.9475,39.075,0.32736375890623237,0.7176105508145754
01/25/2019,38.87,39.44,1.4664265500385911,-0.5246321177223426
01/24/2019,38.5275,38.175,-0.9149308935176335,-2.313640973630817
01/23/2019,38.5375,38.48,-0.14920531949401114,0.9495743287491927
01/22/2019,39.1025,38.325,-1.9883639153506716,1.617723492723499
01/18/2019,39.375,39.205,-0.43174603174603604,2.7397260273972526
01/17/2019,38.55,38.965,1.076523994811949,-1.670705267185311
01/16/2019,38.27,38.735,1.2150509537496637,-1.7836519953804704
01/15/2019,37.5675,38.2675,1.8633127037998156,-3.014069962566147
01/14/2019,37.7125,37.5,-0.5634736493205134,-1.4503168485006852
01/11/2019,38.22,38.0725,-0.38592360020931676,1.919999999999997
01/10/2019,38.125,38.45,0.85245901639345,0.137894805962314
01/09/2019,37.8225,38.3275,1.3351840835481594,-1.631989596879076
01/08/2019,37.39,37.6875,0.7956672907194422,-2.446024395016633
01/07/2019,37.175,36.9825,-0.5178211163416152,-1.3598673300165913
01/04/2019,36.1325,37.065,2.5807790770082266,-2.2983843709862812
01/03/2019,35.995,35.5475,-1.2432282261425143,-2.8868204505598283
01/02/2019,38.7225,39.48,1.9562269998063149,8.931711090794
12/31/2018,39.6325,39.435,-0.4983283921024362,0.38627152988855984
12/28/2018,39.375,39.0575,-0.8063492063492128,-0.15214910612400728
12/27/2018,38.96,39.0375,0.19892197125256822,-0.2496319528899612
12/26/2018,37.075,39.2925,5.981119352663503,-5.0272174191482515
12/24/2018,37.0375,36.7075,-0.8909888626392124,-5.739008716676199
12/21/2018,39.215,37.6825,-3.9079433890093225,6.831029081250425
12/20/2018,40.1,39.2075,-2.2256857855361556,6.415444835135683
12/19/2018,41.5,40.2225,-3.0783132530120563,5.847095581202567
12/18/2018,41.345,41.5175,0.4172209457008089,2.7907265833799553
12/17/2018,41.3625,40.985,-0.9126624357811972,-0.37333654483049594
12/14/2018,42.25,41.37,-2.0828402366863967,3.08649505916799
12/13/2018,42.6225,42.7375,0.2698105460730715,3.0275562001450447
12/12/2018,42.6,42.275,-0.7629107981220724,-0.32173150043871485
12/11/2018,42.915,42.1575,-1.7651170919259007,1.513897102306329
12/10/2018,41.25,42.4,2.7878787878787845,-2.1526418786692734
12/07/2018,43.3725,42.1225,-2.8820104905181854,2.2936320754717068
12/06/2018,42.94,43.68,1.7233348858872892,1.9407679981007664
12/04/2018,45.2375,44.1725,-2.3542415031776684,3.5657051282051224
12/03/2018,46.115,46.205,0.1951642632548982,4.397532401380955
11/30/2018,45.0725,44.645,-0.9484719063730542,-2.4510334379396177
11/29/2018,45.665,44.8875,-1.7026168838278688,2.2846903348639174
11/28/2018,44.1825,45.235,2.3821648842867695,-1.5705931495405299
11/27/2018,42.8775,43.56,1.591743921637233,-5.211672377583733
11/26/2018,43.56,43.655,0.2180899908172609,0.0
11/23/2018,43.735,43.0725,-1.5148050760260692,0.18325506814797454
11/21/2018,44.9325,44.195,-1.6413509152617756,4.3183005397875664
11/20/2018,44.5925,44.245,-0.7792790267421734,0.8994230116529038
11/19/2018,47.5,46.465,-2.1789473684210456,7.356763476099
11/16/2018,47.625,48.3825,1.5905511811023627,2.4965027440008534
11/15/2018,47.0975,47.8525,1.6030574871277723,-2.655918978969676
11/14/2018,48.475,46.7,-3.661681279009796,1.3008724727025804
11/13/2018,47.9075,48.0575,0.31310337629807145,2.585653104925045
11/12/2018,49.75,48.5425,-2.427135678391966,3.5218228164178385
11/09/2018,51.3875,51.1175,-0.5254196059353017,5.860843590667984
11/08/2018,52.495,52.1225,-0.7095913896561485,2.694771849171023
11/07/2018,51.4925,52.4875,1.932320240811764,-1.2086910643196365
11/06/2018,50.48,50.9425,0.9162044374009621,-3.824720171469398
11/05/2018,51.075,50.3975,-1.326480665687718,0.26009716837611085
11/02/2018,52.3875,51.87,-0.9878310665712342,3.948608561932639
11/01/2018,54.7625,55.555,1.4471581830632219,5.576441102756903
10/31/2018,54.22,54.715,0.9129472519365631,-2.403024030240304
10/30/2018,52.7875,53.325,1.0182334833057094,-3.5227999634469556
10/29/2018,54.7975,53.06,-3.1707650896482455,2.761368963900603
10/26/2018,53.975,54.075,0.1852709587772143,1.7244628722201265
10/25/2018,54.4275,54.95,0.959992650773967,0.6518723994452134
10/24/2018,55.65,53.7725,-3.3737646001796904,1.2738853503184635
10/23/2018,53.9575,55.6825,3.196960570819616,0.3440420289181315
10/22/2018,54.9475,55.1625,0.39128258792484355,-1.319983836932608
10/19/2018,54.515,54.8275,0.5732367238374759,-1.1738046680262875
10/18/2018,54.465,54.005,-0.8445790874873788,-0.6611645615794941
10/17/2018,55.575,55.2975,-0.49932523616734753,2.9071382279418576
10/16/2018,54.7325,55.5375,1.4707897501484486,-1.021746010217456
10/15/2018,55.29,54.34,-1.718213058419236,-0.4456448345712397
10/12/2018,55.105,55.5275,0.7667180836584822,1.407802723592185
10/11/2018,53.63,53.6125,-0.03263099011748163,-3.4172256989779854
10/10/2018,56.365,54.09,-4.036192672757914,5.134063884355337
10/09/2018,55.91,56.7175,1.4442854587730363,3.364762432982054
10/08/2018,55.5525,55.9425,0.7020386121236678,-2.0540397584519754
10/05/2018,56.99,56.0725,-1.6099315669415755,1.8724583277472395
10/04/2018,57.695,56.9975,-1.208943582632807,2.893575282000985
10/03/2018,57.5125,58.0175,0.8780699847859081,0.9035484012456697
10/02/2018,56.8125,57.32,0.8932893289328938,-2.076959538070407
10/01/2018,56.9875,56.815,-0.3026979600789637,-0.5800767620376887
09/28/2018,56.1975,56.435,0.422616664442376,-1.0868608642083952
09/27/2018,55.955,56.2375,0.5048699848092196,-0.8505360148843873
09/26/2018,55.25,55.105,-0.2624434389140328,-1.7559457657257118
09/25/2018,54.9375,55.5475,1.1103526734926044,-0.30396515742672514
09/24/2018,54.205,55.1975,1.8310118992712847,-2.416850443314283
09/21/2018,55.195,54.415,-1.41317148292418,-0.00452919063362965
09/20/2018,55.06,55.0075,-0.09535052669815108,1.185334926031431
09/19/2018,54.625,54.5925,-0.05949656750571874,-0.695359723674045
09/18/2018,54.4475,54.56,0.2066210569815038,-0.2656042496680004
09/17/2018,55.5375,54.47,-1.922124690524425,1.7916055718475057
09/14/2018,56.4375,55.96,-0.8460686600221469,3.612080044060953
09/13/2018,55.88,56.6025,1.2929491768074384,-0.14295925661186257
09/12/2018,56.235,55.2675,-1.720458789010405,-0.6492646084536897
09/11/2018,54.5025,55.9625,2.678776202926473,-1.3841769575247669
09/10/2018,55.2375,54.5825,-1.1857886399637818,-1.29551038641948
09/07/2018,55.4625,55.325,-0.24791525805723819,1.612238354784034
09/06/2018,56.5575,55.775,-1.3835477169252512,2.227745142340704
09/05/2018,57.2475,56.7175,-0.9258046202890976,2.6400717167189667
09/04/2018,57.1025,57.09,-0.021890460137464623,0.678802838630049
08/31/2018,56.6275,56.9075,0.49445940576575187,-0.8101243650376698
08/30/2018,55.8125,56.2575,0.7973124300111987,-1.9241751965909568
08/29/2018,55.0375,55.745,1.2854871678401019,-2.168599742256586
08/28/2018,54.7525,54.925,0.3150541071183954,-1.7804287380034078
08/27/2018,54.2875,54.485,0.3638038222426857,-1.1606736458807387
08/24/2018,54.15,54.04,-0.20313942751615777,-0.6148481233366998
08/23/2018,53.6625,53.8725,0.39133473095737403,-0.6985566247224236
08/22/2018,53.525,53.7625,0.4437178888370001,-0.6450415332498096
08/21/2018,54.2,53.76,-0.8118081180811898,0.8137642408742152
08/20/2018,54.525,53.865,-1.2104539202200761,1.4229910714285725
08/17/2018,53.36,54.395,1.9396551724138,-0.9375290077044509
08/16/2018,52.9375,53.33,0.741440377804011,-2.6794742163801875
08/15/2018,52.305,52.56,0.48752509320333154,-1.9219951246952909
08/14/2018,52.5388,52.4375,-0.19280988526575016,-0.04033485540334918
08/13/2018,51.925,52.2175,0.5633124699085297,-0.9773539928486348
08/10/2018,51.84,51.8825,0.08198302469135199,-0.7229377124527174
08/09/2018,51.82,52.22,0.7719027402547252,-0.12046451115501372
08/08/2018,51.5125,51.8125,0.5823829167677693,-1.354844887016461
08/07/2018,52.33,51.7775,-1.0557997324670265,0.9987937273823851
08/06/2018,52.0,52.2675,0.5144230769230737,0.42972333542561264
08/03/2018,51.7575,51.9975,0.46370091291117616,-0.9757497488879284
08/02/2018,50.145,51.8475,3.395154053245575,-3.5626712822731847
08/01/2018,49.7825,50.375,1.1901772711294152,-3.982834273590815
07/31/2018,47.575,47.5725,-0.005254860746200381,-5.558312655086843
07/30/2018,47.975,47.4775,-1.0369984366857785,0.8460770403069072
07/27/2018,48.7475,47.745,-2.056515718754818,2.67495129271761
07/26/2018,48.6525,48.5525,-0.20553928369559923,1.9007225887527617
07/25/2018,48.265,48.705,0.9116336890085937,-0.5921425261315101
07/24/2018,48.1125,48.25,0.2857885164977975,-1.21650754542655
07/23/2018,47.67,47.9025,0.48772813089994066,-1.2020725388601001
07/20/2018,47.945,47.86,-0.1772864740848907,0.0887218829914866
07/19/2018,47.4225,47.97,1.1545152617428425,-0.9141245298788132
07/18/2018,47.945,47.6,-0.7195745124621938,-0.0521159057744394
07/17/2018,47.4375,47.8625,0.8959156785243682,-0.34138655462185175
07/16/2018,47.88,47.7275,-0.3185045948203914,0.036563071298000314
07/13/2018,47.77,47.8325,0.13083525225036632,0.08904719501336542
07/12/2018,47.3825,47.7575,0.7914314356566242,-0.940782940469352
07/11/2018,47.125,46.97,-0.3289124668435037,-1.3243993090090567
07/10/2018,47.6775,47.5875,-0.18876828692780326,1.5062806046412671
07/09/2018,47.375,47.645,0.5699208443271834,-0.4465458366167557
07/06/2018,46.355,46.9925,1.3752561751698908,-2.7075243992024474
07/05/2018,46.315,46.35,0.07556946993415459,-1.441719423312235
07/03/2018,46.9475,45.98,-2.060812609830132,1.2891046386191942
07/02/2018,45.955,46.795,1.8278750952018352,-0.054371465854716354
06/29/2018,46.5725,46.2775,-0.63342101025282,-0.4754781493749411
06/28/2018,46.025,46.375,0.7604562737642617,-0.5456215223380797
06/27/2018,46.307,46.04,-0.5765866931565486,-0.14663072776279856
06/26/2018,45.7475,46.1075,0.7869282474452143,-0.6353171155516874
06/25/2018,45.85,45.5425,-0.6706652126499554,-0.5584774711272575
06/22/2018,46.53,46.23,-0.6447453255963986,2.1683043311192938
06/21/2018,46.8125,46.365,-0.9559412550066713,1.2600043261951184
06/20/2018,46.5875,46.625,0.08049369466058798,0.4798878464358817
06/19/2018,46.285,46.4225,0.2970724856865137,-0.729222520107246
06/18/2018,46.97,47.185,0.4577389823291535,1.179384996499541
06/15/2018,47.5075,47.21,-0.62621691311898,0.6834799194659278
06/14/2018,47.8875,47.7,-0.3915426781519185,1.4350773141283668
06/13/2018,48.105,47.675,-0.8938779752624462,0.8490566037735724
06/12/2018,47.8462,48.07,0.4677487449368959,0.35909805977977144
06/11/2018,47.8375,47.8075,-0.06271230729030809,-0.48366964842937743
06/08/2018,47.7925,47.925,0.27724015274363195,-0.03137583015217397
06/07/2018,48.535,48.365,-0.350262697022756,1.2728221178925394
06/06/2018,48.4075,48.495,0.1807571140835585,0.08787346221440478
06/05/2018,48.2662,48.3275,0.12700399037007845,-0.47180121662026947
06/04/2018,47.9087,47.9575,0.10186041366181915,-0.8665873467487403
06/01/2018,46.9978,47.56,1.1962262063330715,-2.0011468487723607
05/31/2018,46.805,46.7175,-0.18694583911974913,-1.5874684608915108
05/30/2018,46.93,46.875,-0.1171958235670141,0.45486166853962345
05/29/2018,46.9,46.975,0.15991471215352418,0.0533333333333303
05/25/2018,47.0575,47.145,0.1859427296392832,0.17562533262372756
05/24/2018,47.1925,47.0375,-0.32844201938867645,0.10075299607593474
05/23/2018,46.5875,47.09,1.0786155084518483,-0.9566834972096792
05/22/2018,47.0938,46.79,-0.6450955327452924,0.008069653854317793
05/21/2018,47.0,46.9075,-0.19680851063830027,0.44881384911306016
05/18/2018,46.7975,46.5775,-0.47011058283027696,-0.23450407717315874
05/17/2018,47.0,46.7475,-0.5372340425531866,0.9070903333154409
05/16/2018,46.5175,47.045,1.1339818347933648,-0.492004920049209
05/15/2018,46.695,46.61,-0.18203233750937112,-0.7439685407588509
05/14/2018,47.2525,47.0375,-0.4550023808264035,1.378459558034753
05/11/2018,47.3725,47.1475,-0.4749591007441056,0.7121977145894252
05/10/2018,46.935,47.51,1.225098540534773,-0.4507131873376076
05/09/2018,46.6375,46.84,0.43419994639506954,-1.8364554830561886
05/08/2018,46.2475,46.5125,0.5730039461592531,-1.264944491887278
05/07/2018,46.295,46.29,-0.010800302408472962,-0.4676162321956488
05/04/2018,44.5625,45.9575,3.130434782608703,-3.73190753942536
05/03/2018,43.97,44.2225,0.5742551739822555,-4.3246477723984205
05/02/2018,43.8062,44.1425,0.7676995493788583,-0.9413759963819317
05/01/2018,41.6025,42.275,1.6164893936662446,-5.754091861584639
04/30/2018,40.5325,41.315,1.9305495589958648,-4.121821407451211
04/27/2018,41.0,40.58,-1.0243902439024433,-0.7624349509863192
04/26/2018,41.03,41.055,0.06093102607847569,1.1089206505667888
04/25/2018,40.655,40.9125,0.6333784282376098,-0.9743027645840909
04/24/2018,41.4175,40.735,-1.6478541679241805,1.2343415826458795
04/23/2018,41.7088,41.31,-0.9561531379468944,2.390573217135135
04/20/2018,42.6488,41.43,-2.8577591866594174,3.2408617768094867
04/19/2018,43.7375,43.2,-1.228922549299787,5.569635529809311
04/18/2018,44.4525,44.46,0.016871941960520293,2.89930555555555
04/17/2018,44.1225,44.56,0.9915575953311803,-0.7591093117408875
04/16/2018,43.7575,43.955,0.45135119693766335,-1.8009425493716382
04/13/2018,43.695,43.6825,-0.0286073921501381,-0.5915140484586464
04/12/2018,43.3525,43.535,0.4209676489245083,-0.7554512676701157
04/11/2018,43.0575,43.11,0.12192997735586597,-1.0968186516595824
04/10/2018,43.25,43.3125,0.1445086705202312,0.32475063790304004
04/09/2018,42.47,42.5125,0.10007063809748995,-1.9451659451659478
04/06/2018,42.7425,42.095,-1.5148856524536487,0.5410173478388635
04/05/2018,43.145,43.2,0.12747711206396967,2.4943579997624523
04/04/2018,41.22,42.9025,4.081756428918012,-4.583333333333342
04/03/2018,41.91,42.0975,0.4473872584108805,-2.313385000874091
04/02/2018,41.97,41.67,-0.7147962830593213,-0.3028683413504311
03/29/2018,41.9513,41.945,-0.015017413047993937,0.6750659947204263
03/28/2018,41.8125,41.62,-0.4603886397608432,-0.3158898557635005
03/27/2018,43.42,42.085,-3.0746199907876575,4.324843825084105
03/26/2018,42.0175,43.1925,2.7964538585113448,-0.1603896875371333
03/23/2018,42.0975,41.235,-2.04881525031177,-2.5351623545754607
03/22/2018,42.5,42.2125,-0.6764705882352975,3.0677822238389734
03/21/2018,43.76,42.8175,-2.1537934186471563,3.6659757180929806
03/20/2018,43.81,43.81,0.0,2.3179774624861325
03/19/2018,44.33,43.825,-1.139183397247903,1.1869436201780323
03/16/2018,44.6625,44.505,-0.35264483627203774,1.911009697661149
03/15/2018,44.625,44.6625,0.08403361344538134,0.2696326255476855
03/14/2018,45.08,44.61,-1.042590949423245,0.9347886929750838
03/13/2018,45.6475,44.9925,-1.4349088120926692,2.325711723828741
03/12/2018,45.0725,45.43,0.7931665649786492,0.1778074123464984
03/09/2018,44.49,44.995,1.1350865363002818,-2.0691173233546065
03/08/2018,43.87,44.235,0.8320036471392798,-2.5002778086454054
03/07/2018,43.735,43.7575,0.0514462101291891,-1.1303266644060133
03/06/2018,44.4775,44.1675,-0.6969816199201895,1.6454322116208624
03/05/2018,43.8025,44.205,0.918897323212137,-0.8263995018961792
03/02/2018,43.2,44.0525,1.9733796296296273,-2.273498473023403
03/01/2018,44.635,43.75,-1.9827489638176277,1.3222859088587389
02/28/2018,44.815,44.53,-0.6359477853397224,2.434285714285709
02/27/2018,44.775,44.5975,-0.3964265773311044,0.5501908825510834
02/26/2018,44.0875,44.7425,1.4856818826197928,-1.1435618588485856
02/23/2018,43.4175,43.875,1.0537225773017866,-2.961390177124664
02/22/2018,42.95,43.125,0.4074505238649526,-2.108262108262102
02/21/2018,43.2075,42.7675,-1.0183417230804948,0.1913043478260942
02/20/2018,43.0125,42.9625,-0.11624527753561004,0.5728649091015481
02/16/2018,43.09,43.1075,0.0406126711533959,0.29677043933664204
02/15/2018,42.4475,43.2475,1.884681076624075,-1.5310560807284201
02/14/2018,40.7612,41.8425,2.6527678282288027,-5.749002832533672
02/13/2018,40.4875,41.085,1.475764124729864,-3.2383342295513025
02/12/2018,39.625,40.6775,2.656151419558365,-3.5536083728854835
02/09/2018,39.2675,39.1025,-0.42019481759724747,-3.466289717903027
02/08/2018,40.0725,38.7875,-3.2066878782207167,2.4806598043603323
02/07/2018,40.7713,39.885,-2.1738330639444867,5.114534321624222
02/06/2018,38.7075,40.7575,5.296131240715616,-2.9522376833395887
02/05/2018,39.775,39.1225,-1.6404776869893056,-2.4105992762068373
02/02/2018,41.5,40.125,-3.313253012048193,6.07706562719662
02/01/2018,41.7912,41.945,0.3680200616397634,4.152523364485989
01/31/2018,41.7175,41.8575,0.33559057949301985,-0.5423769221599694
01/30/2018,41.3813,41.7425,0.8728580300763791,-1.137669473809947
01/29/2018,42.54,41.99,-1.2929007992477601,1.9105228484158818
01/26/2018,43.0,42.8775,-0.28488372093023784,2.4053346034770136
01/25/2018,43.6262,42.7775,-1.9453906138971393,1.7461372514722164
01/24/2018,44.3125,43.555,-1.709449929478139,3.5883349891882332
01/23/2018,44.325,44.26,-0.14664410603497988,1.7678796923430218
01/22/2018,44.325,44.25,-0.1692047377326629,0.14685946678717768
01/19/2018,44.6525,44.615,-0.08398185991826083,0.9096045197740189
01/18/2018,44.8425,44.815,-0.0613257512404603,0.5099181889499028
01/17/2018,44.0375,44.775,1.674709054782849,-1.734910186321536
01/16/2018,44.475,44.0475,-0.9612141652613873,-0.6700167504187542
01/12/2018,44.045,44.2725,0.5165171983198981,-0.005675691015375961
01/11/2018,43.6475,43.82,0.39521163869637305,-1.4117115590942457
01/10/2018,43.29,43.5725,0.65257565257565,-1.2094933820173464
01/09/2018,43.6375,43.5825,-0.1260383844170718,0.14917665959034904
01/08/2018,43.5875,43.5875,0.0,0.011472494693960769
01/05/2018,43.36,43.75,0.899446494464946,-0.5219386291941477
01/04/2018,43.135,43.2575,0.28399211776979777,-1.4057142857142904
01/03/2018,43.1325,43.0575,-0.17388280299079079,-0.28896723111599143
01/02/2018,42.54,43.065,1.2341325811001378,-1.201881205364915
12/29/2017,42.63,42.3075,-0.7565095003518768,-1.0101010101009988
12/28/2017,42.75,42.77,0.04678362573100147,1.0459138450629382
12/27/2017,42.525,42.65,0.29394473838918284,-0.5728314238952642
12/26/2017,42.7,42.6425,-0.1346604215456781,0.11723329425557859
12/22/2017,43.67,43.7525,0.1889168765742982,2.409567919329316
12/21/2017,43.5425,43.7525,0.4822874203364549,-0.4799725729958308
12/20/2017,43.7175,43.5875,-0.29736375593298464,-0.07999542883263035
12/19/2017,43.7575,43.635,-0.27995200822716626,0.39002007456266524
12/18/2017,43.72,44.105,0.8806038426349451,0.19479775409648414
12/15/2017,43.4075,43.4925,0.19581869492599405,-1.5814533499603176
12/14/2017,43.1,43.055,-0.10440835266821741,-0.9024544461688757
12/13/2017,43.125,43.0675,-0.13333333333332742,0.1625827430031362
12/12/2017,43.0375,42.925,-0.2613999419111339,-0.06965809485110847
12/11/2017,42.3,43.1675,2.0508274231678483,-1.4560279557367501
12/08/2017,42.6225,42.3425,-0.6569300252214232,-1.2625238895001902
12/07/2017,42.2575,42.33,0.1715671774241212,-0.20074393340024999
12/06/2017,41.875,42.2525,0.9014925373134274,-1.0748877864398731
12/05/2017,42.265,42.41,0.3430734650419875,0.02958404828117352
12/04/2017,43.12,42.45,-1.5538033395176127,1.6741334590898393
12/01/2017,42.4875,42.7625,0.6472491909385247,0.08833922261482759
11/30/2017,42.6075,42.9625,0.8331866455436175,-0.36246711487869304
11/29/2017,43.1575,42.37,-1.8247118113885221,0.4538842013383772
11/28/2017,43.575,43.2675,-0.7056798623063788,2.8439933915506383
11/27/2017,43.7625,43.5225,-0.5484147386461056,1.1440457618304838
11/24/2017,43.775,43.7425,-0.07424328954882664,0.5801596875179452
11/22/2017,43.34,43.74,0.922934933087214,-0.9201577413270762
11/21/2017,42.695,43.285,1.381894835460818,-2.3891175125743067
11/20/2017,42.5725,42.495,-0.18204239826179006,-1.6460667667783264
11/17/2017,42.76,42.5375,-0.5203461178671576,0.6236027767972716
11/16/2017,42.795,42.775,-0.046734431592483056,0.605348222156921
11/15/2017,42.4925,42.27,-0.5236218156145122,-0.6604324956165959
11/14/2017,43.26,42.835,-0.9824318076745195,2.3420865862313573
11/13/2017,43.375,43.4925,0.2708933717579244,1.2606513365238685
11/10/2017,43.7775,43.6675,-0.2512706298897985,0.6552853940334625
11/09/2017,43.7775,43.97,0.43972360230711083,0.25190358962616716
11/08/2017,43.665,44.06,0.9046146799496236,-0.693654764612235
11/07/2017,43.4775,43.7025,0.5175090564084904,-1.3220608261461713
11/06/2017,43.0913,43.5625,1.0934921898387917,-1.3985469938790773
11/03/2017,43.5,43.125,-0.8620689655172413,-0.1434720229555237
11/02/2017,41.91,42.0275,0.2803626819375014,-2.8173913043478342
11/01/2017,42.4675,41.7225,-1.7542826867604746,1.0469335554101427
10/31/2017,41.975,42.26,0.6789755807027911,0.6051890466774639
10/30/2017,40.9725,41.68,1.7267679541155732,-3.046616185518224
10/27/2017,39.8225,40.7625,2.360474606064423,-4.456573896353171
10/26/2017,39.3075,39.3525,0.1144819690898727,-3.569457221711145
10/25/2017,39.2275,39.1025,-0.31865400548084893,-0.31764182707578936
10/24/2017,39.0725,39.275,0.5182673235651688,-0.0767214372482607
10/23/2017,39.2225,39.0425,-0.45892026260437185,-0.13367281985996687
10/20/2017,39.1525,39.0625,-0.22987037864760462,0.2817442530575822
10/19/2017,39.1875,38.995,-0.4912280701754451,0.32
10/18/2017,40.105,39.94,-0.41142002244109005,2.846518784459545
10/17/2017,39.945,40.1175,0.431843785204655,0.012518778167257282
10/16/2017,39.475,39.97,1.2539582013932804,-1.601545460210627
10/13/2017,39.1825,39.2475,0.16589038473809695,-1.9702276707530684
10/12/2017,39.0875,39.0,-0.22385673169171366,-0.4076692782979901
10/11/2017,38.9925,39.1375,0.37186638456114157,-0.01923076923076996
10/10/2017,39.0138,38.975,-0.09945198878346109,-0.3160651549025857
10/09/2017,38.9525,38.96,0.019254219883191794,-0.05772931366260642
10/06/2017,38.7425,38.825,0.2129444408595293,-0.558264887063658
10/05/2017,38.545,38.8475,0.7847969905305354,-0.721184803605927
10/04/2017,38.4075,38.37,-0.09763718023823842,-1.1326340176330465
10/03/2017,38.5025,38.62,0.3051749886371008,0.34532186604117876
10/02/2017,38.565,38.4525,-0.29171528588097284,-0.14241325737959531
09/29/2017,38.3025,38.53,0.5939560080934643,-0.3900916715428089
09/28/2017,38.4725,38.32,-0.3963870296965269,-0.149234362834167
09/27/2017,38.45,38.5575,0.2795838751625347,0.3392484342380025
09/26/2017,37.945,38.285,0.8960337330346457,-1.5885366011800486
09/25/2017,37.4975,37.6375,0.37335822388159356,-2.05694136084627
09/22/2017,38.005,37.9725,-0.08551506380740946,0.9764197940883419
09/21/2017,38.95,38.3475,-1.5468549422336488,2.574231351636069
09/20/2017,39.475,39.0175,-1.1589613679544093,2.9402177456157634
09/19/2017,39.8775,39.6825,-0.4889975550122257,2.2041391683219054
09/18/2017,40.0275,39.6675,-0.8993816750983862,0.8694008694008845
09/15/2017,39.6175,39.97,0.8897583138764413,-0.12604777210562088
09/14/2017,39.7475,39.57,-0.446568966601678,-0.5566675006254606
09/13/2017,39.9675,39.9125,-0.13761180959529545,1.0045489006823374
09/12/2017,40.6525,40.215,-1.076194575979337,1.85405574694645
09/11/2017,40.125,40.375,0.6230529595015576,-0.22379709063783015
09/08/2017,40.215,39.6575,-1.3862986447842955,-0.3962848297213538
09/07/2017,40.5225,40.315,-0.5120612005675936,2.1811763222593505
09/06/2017,40.6775,40.4775,-0.49167230041178256,0.8991690437802412
09/05/2017,40.9375,40.52,-1.019847328244267,1.1364338212587262
09/01/2017,41.2,41.0125,-0.45509708737864074,1.6781836130306014
08/31/2017,40.91,41.0,0.219995111219759,-0.2499238037183938
08/30/2017,40.95,40.8375,-0.27472527472528513,-0.12195121951218818
08/29/2017,40.025,40.7275,1.7551530293566535,-1.9895928986838076
08/28/2017,40.035,40.3675,0.8305232921194033,-1.7003253330059604
08/25/2017,39.9125,39.965,0.13153773880363792,-1.1271443611816394
08/24/2017,40.1075,39.8175,-0.7230567848906044,0.35656199174277065
08/23/2017,39.7675,39.995,0.5720751870245783,-0.12557292647706225
08/22/2017,39.5575,39.945,0.9795866776211917,-1.0938867358419804
08/21/2017,39.375,39.3025,-0.1841269841269791,-1.4269620728501697
08/18/2017,39.465,39.375,-0.22805017103763692,0.4134597035812007
08/17/2017,40.13,39.465,-1.6571143782706181,1.917460317460324
08/16/2017,40.485,40.2375,-0.6113375324194202,2.5845686050931103
08/15/2017,40.165,40.4,0.5850865181127833,-0.18018018018017523
08/14/2017,39.83,39.9625,0.3326638212402719,-1.4108910891089117
08/11/2017,39.15,39.37,0.5619412515964212,-2.0331560838285894
08/10/2017,39.975,38.83,-2.86429018136336,1.536703073406157
08/09/2017,39.815,40.265,1.1302273012683735,2.5366984290497023
08/08/2017,39.65,40.02,0.933165195460289,-1.5273811002111064
08/07/2017,39.265,39.7025,1.1142238634916592,-1.8865567216391865
08/04/2017,39.0175,39.0975,0.20503620170435904,-1.7253321579245695
08/03/2017,39.2625,38.8925,-0.9423750397962548,0.42202186840592437
08/02/2017,39.82,39.285,-1.3435459568056345,2.384778556276922
08/01/2017,37.275,37.5125,0.6371562709590993,-5.11645666284841
07/31/2017,37.475,37.1825,-0.7805203468979426,-0.09996667777407908
07/28/2017,37.4725,37.375,-0.26019080659149135,0.7799367982249692
07/27/2017,38.4375,37.64,-2.0747967479674783,2.842809364548495
07/26/2017,38.3375,38.365,0.07173133355070992,1.853081827842715
07/25/2017,37.95,38.185,0.6192358366271394,-1.0817151049133302
07/24/2017,37.645,38.0225,1.0027892150351911,-1.414167866963465
07/21/2017,37.4975,37.5675,0.18667911194079678,-1.3807613912814745
07/20/2017,37.875,37.585,-0.7656765676567635,0.8185266520263458
07/19/2017,37.62,37.755,0.35885167464116197,0.09312225621922732
07/18/2017,37.3,37.52,0.5898123324396943,-1.205138392265939
07/17/2017,37.205,37.39,0.4972449939524319,-0.839552238805983
07/14/2017,36.9925,37.26,0.7231195512603861,-1.0631184808772423
07/13/2017,36.375,36.9425,1.5601374570446807,-2.3752012882447615
07/12/2017,36.4675,36.435,-0.08912044971549699,-1.2857819584489447
07/11/2017,36.1825,36.3825,0.5527534028881443,-0.6930149581446544
07/10/2017,36.0275,36.265,0.6592186524182836,-0.9757438328866814
07/07/2017,35.725,36.045,0.895731280615816,-1.4890390183372375
07/06/2017,35.755,35.6825,-0.20276884351840335,-0.8045498682202779
07/05/2017,35.9225,36.0225,0.2783770617301174,0.6725986127653668
07/03/2017,36.22,35.875,-0.9525124240750936,0.5482684433340218
06/30/2017,36.1125,36.005,-0.29768085842850706,0.6620209059233371
06/29/2017,36.1775,35.92,-0.7117683643148373,0.4791001249826397
06/28/2017,36.1225,36.4575,0.9273998200567537,0.5637527839643668
06/27/2017,36.2525,35.9325,-0.8826977449831054,-0.5622985668243994
06/26/2017,36.7925,36.455,-0.9173065162736933,2.3933764697697057
06/23/2017,36.2825,36.57,0.7923930269413669,-0.4731861198738155
06/22/2017,36.4425,36.4075,-0.09604170954243998,-0.3486464315012243
06/21/2017,36.38,36.4675,0.2405167674546415,-0.07553388724849634
06/20/2017,36.7175,36.2525,-1.2664260911009828,0.6855419208884623
06/19/2017,35.915,36.585,1.8655158011972761,-0.9309702779118643
06/16/2017,35.945,35.5675,-1.0502156071776263,-1.7493508268416034
06/15/2017,35.83,36.0725,0.676807144850683,0.7380333169325809
06/14/2017,36.875,36.29,-1.5864406779661042,2.224686395453606
06/13/2017,36.79,36.6475,-0.3873335145419905,1.3777900248002204
06/12/2017,36.435,36.355,-0.21956909564980212,-0.5798485572003509
06/09/2017,38.7975,37.245,-4.001546491397646,6.7184706367762415
06/08/2017,38.8125,38.7475,-0.16747181964572683,4.208618606524373
06/07/2017,38.755,38.8425,0.22577731905560205,0.019356087489516186
06/06/2017,38.475,38.6125,0.3573749187784165,-0.9461285962541024
06/05/2017,38.585,38.4825,-0.26564727225605583,-0.07122045969568483
06/02/2017,38.395,38.8625,1.217606459174356,-0.22737608003637644
06/01/2017,38.2925,38.295,0.006528693608421576,-1.4667095529109047
05/31/2017,38.4925,38.19,-0.7858673767617119,0.5157331244287714
05/30/2017,38.355,38.4175,0.16295137530960763,0.43205027494108184
05/26/2017,38.5,38.4025,-0.2532467532467444,0.21474588403723077
05/25/2017,38.4325,38.4675,0.09106875691147777,0.07811991406807897
05/24/2017,38.46,38.335,-0.3250130005200208,-0.019496977968415635
05/23/2017,38.725,38.45,-0.7101355713363423,1.017347071866442
05/22/2017,38.5,38.4975,-0.006493506493500587,0.13003901170350365
05/19/2017,38.345,38.265,-0.20863215543095137,-0.3961296188064249
05/18/2017,37.8175,38.135,0.8395584055000871,-1.1694760224748413
05/17/2017,38.4,37.5625,-2.18098958333333,0.6948996984397551
05/16/2017,38.985,38.8675,-0.3013979735795812,3.787021630615639
05/15/2017,39.0025,38.925,-0.19870521120441145,0.3473338907827826
05/12/2017,38.675,39.025,0.9049773755656145,-0.6422607578676943
05/11/2017,38.1125,38.4875,0.9839291571006887,-2.3382447149263332
05/10/2017,38.4075,38.315,-0.24083837792098195,-0.20785969470606896
05/09/2017,38.4675,38.4975,0.07798791187366254,0.39801644264649205
05/08/2017,37.2575,38.2525,2.670603234248131,-3.220988375868568
05/05/2017,36.69,37.24,1.499046061597177,-4.084700346382589
05/04/2017,36.63,36.6325,0.006825006825000617,-1.638023630504832
05/03/2017,36.3975,36.765,1.0096847310941677,-0.6415068586637533
05/02/2017,36.885,36.8775,-0.02033346888979337,0.32639738882088243
05/01/2017,36.275,36.645,1.0199862164024935,-1.6337875398278061
04/28/2017,36.0225,35.9125,-0.30536470261641874,-1.6987310683585815
04/27/2017,35.9808,35.9475,-0.09254935965849592,0.19018447615732878
04/26/2017,36.1175,35.92,-0.5468263307260968,0.4729118853884184
04/25/2017,35.9775,36.1325,0.43082482106872666,0.16007795100222003
04/24/2017,35.875,35.91,0.0975609756097466,-0.7126548121497275
04/21/2017,35.61,35.5675,-0.11934849761302127,-0.8354218880534592
04/20/2017,35.305,35.61,0.8639002974082982,-0.7380333169326009
04/19/2017,35.47,35.17,-0.845785170566668,-0.3931479921370417
04/18/2017,35.3525,35.3,-0.14850434905594226,0.5189081603639393
04/17/2017,35.37,35.4575,0.24738478936953828,0.19830028328611982
04/13/2017,35.4775,35.2625,-0.6060178986681596,0.05640555594724958
04/12/2017,35.4,35.45,0.1412429378531194,0.38993264799715205
04/11/2017,35.735,35.4075,-0.9164684482999875,0.8039492242595108
04/10/2017,35.9,35.7925,-0.2994428969359379,1.3909482454282278
04/07/2017,35.9325,35.835,-0.27134209977039336,0.39114339596284303
04/06/2017,36.0725,35.915,-0.4366206944348156,0.6627598716338695
04/05/2017,36.055,36.005,-0.13867702121757636,0.38980927189196873
04/04/2017,35.8125,36.1925,1.061082024432817,-0.5346479655603459
04/03/2017,35.9275,35.925,-0.006958458005719384,-0.7321958969399753
03/31/2017,35.93,35.915,-0.0417478430281118,0.013917884481565924
03/30/2017,36.0475,35.9825,-0.18031763645189744,0.3689266323263269
03/29/2017,35.92,36.03,0.30623608017817217,-0.17369554644618912
03/28/2017,35.2275,35.95,2.050954509970914,-2.227310574521238
03/27/2017,34.8475,35.22,1.068943252744106,-3.0667593880389603
03/24/2017,35.375,35.16,-0.6077738515901157,0.4400908574673513
03/23/2017,35.315,35.23,-0.24069092453631843,0.4408418657565448
03/22/2017,34.9613,35.355,1.1261022902466313,-0.7627022424070268
03/21/2017,35.5275,34.96,-1.5973541622686722,0.4879083580823266
03/20/2017,35.1,35.365,0.7549857549857566,0.40045766590389176
03/17/2017,35.25,34.9975,-0.7163120567375822,-0.32518026297187047
03/16/2017,35.18,35.1725,-0.021318931210916103,0.5214658189870632
03/15/2017,34.8525,35.115,0.7531740908112843,-0.9098016916625212
03/14/2017,34.825,34.7475,-0.22254127781766134,-0.825857895486257
03/13/2017,34.7125,34.8,0.2520705797623294,-0.10072667098353462
03/10/2017,34.8125,34.785,-0.07899461400360046,0.03591954022989323
03/09/2017,34.685,34.67,-0.043246360098026716,-0.28748023573377696
03/08/2017,34.7375,34.75,0.035984166966542906,0.19469281799825627
03/07/2017,34.765,34.88,0.33079246368474613,0.04316546762590091
03/06/2017,34.8413,34.835,-0.01808198890396161,-0.11095183486240173
03/03/2017,34.695,34.945,0.7205649228995532,-0.4018946461891792
03/02/2017,35.0,34.74,-0.7428571428571372,0.1573901845757611
03/01/2017,34.4725,34.9475,1.3779099282036449,-0.7700057570524047
02/28/2017,34.27,34.2475,-0.06565509191713116,-1.9386222190428355
02/27/2017,34.285,34.2325,-0.15312819017061363,0.10949704357980673
02/24/2017,33.9775,34.165,0.5518357736737547,-0.7449061564303002
02/23/2017,34.345,34.1325,-0.6187217935652892,0.5268549685350497
02/22/2017,34.1075,34.2775,0.49842410027120637,-0.0732439756829959
02/21/2017,34.0575,34.175,0.34500477134258156,-0.6418204361461775
02/17/2017,33.775,33.93,0.45891931902294936,-1.1704462326261846
02/16/2017,33.9175,33.8363,-0.23940443723740107,-0.03684055408194177
02/15/2017,33.88,33.8775,-0.007378984651726185,0.12915123698513484
02/14/2017,33.3675,33.755,1.1613096576009676,-1.505423953951732
02/13/2017,33.27,33.3225,0.15779981965733356,-1.4368241741964136
02/10/2017,33.115,33.03,-0.25668126226785704,-0.6227023782729267
02/09/2017,32.9125,33.105,0.584884162552208,-0.35573720859824315
02/08/2017,32.8375,33.01,0.5253140464408053,-0.8080350400241604
02/07/2017,32.635,32.8825,0.7583882334916571,-1.136019388064223
02/06/2017,32.2825,32.5725,0.8983195229613541,-1.8246787805063527
02/03/2017,32.0775,32.27,0.6001091107474166,-1.519686852406163
02/02/2017,31.9937,32.1325,0.4338354113466083,-0.8562132011155953
02/01/2017,31.7575,32.1875,1.3540108635755324,-1.1670427137633237
01/31/2017,30.2875,30.3375,0.16508460586049412,-5.902912621359219
01/30/2017,30.2325,30.4075,0.5788472670139656,-0.3461063040790997
01/27/2017,30.535,30.4875,-0.15555919436711785,0.41930444791581445
01/26/2017,30.4175,30.485,0.22191172844579274,-0.22960229602296114
01/25/2017,30.105,30.47,1.2124231855173508,-1.246514679350497
01/24/2017,29.8875,29.9925,0.3513174404015071,-1.9117164424023618
01/23/2017,30.0,30.02,0.06666666666666525,0.025006251562891667
01/20/2017,30.1125,30.0,-0.3735990037359924,0.30812791472352147
01/19/2017,29.85,29.945,0.3182579564489074,-0.4999999999999952
01/18/2017,30.0,29.9975,-0.008333333333337597,0.18367006177992892
01/17/2017,29.585,30.0,1.402737873922593,-1.3751145928827333
01/13/2017,29.7775,29.76,-0.05876920493660749,-0.7416666666666671
01/12/2017,29.7237,29.8125,0.2987515013272207,-0.12197580645161514
01/11/2017,29.685,29.9375,0.8505979450901172,-0.42767295597484706
01/10/2017,29.6925,29.7775,0.28626757598720504,-0.8183716075156608
01/09/2017,29.4875,29.7475,0.881729546417967,-0.9738896818067303
01/06/2017,29.195,29.4775,0.9676314437403626,-1.8572989326834137
01/05/2017,28.98,29.1525,0.5952380952380933,-1.6877279280807351
01/04/2017,28.9625,29.005,0.14674147604661347,-0.6517451333504889
01/03/2017,28.95,29.0375,0.3022452504317863,-0.18962247888295022
12/30/2016,29.1625,28.955,-0.7115302186026682,0.4304778303917348
12/29/2016,29.1125,29.1825,0.240446543580937,0.5439475047487564
12/28/2016,29.38,29.19,-0.646698434309046,0.6767754647477016
12/27/2016,29.13,29.315,0.6350841057329292,-0.2055498458376234
12/23/2016,28.8975,29.13,0.8045678691928303,-1.4241855705270354
12/22/2016,29.0875,29.0725,-0.051568543188644664,-0.1458976999656726
12/21/2016,29.2,29.265,0.22260273972603178,0.43855877547509753
12/20/2016,29.185,29.2375,0.1798869282165564,-0.27336408679310387
12/19/2016,28.95,29.16,0.7253886010362723,-0.9833262077811079
12/16/2016,29.1175,28.9925,-0.4292950974499872,-0.1457475994513046
12/15/2016,28.845,28.955,0.38134858727682247,-0.5087522635164295
12/14/2016,28.76,28.7975,0.13038942976355308,-0.6734588154032006
12/13/2016,28.46,28.7975,1.185874912157409,-1.171976734091496
12/12/2016,28.3225,28.325,0.008826904404617269,-1.6494487368695125
12/09/2016,28.0775,28.4875,1.4602439675897076,-0.8737864077669858
12/08/2016,27.715,28.03,1.1365686451380166,-2.7117156647652507
12/07/2016,27.315,27.7575,1.6199890170236098,-2.5508383874420257
12/06/2016,27.375,27.4875,0.4109589041095916,-1.3780059443393686
12/05/2016,27.5,27.2775,-0.8090909090909096,0.045475216007273445
12/02/2016,27.2925,27.475,0.668681872309246,0.054990376684082375
12/01/2016,27.5912,27.3725,-0.7926440314303179,0.4229299363057295
11/30/2016,27.9,27.63,-0.9677419354838694,1.9271166316558583
11/29/2016,27.695,27.865,0.6138292110489192,0.23525153818313893
11/28/2016,27.8575,27.8925,0.12563941487928415,-0.026915485375907888
11/25/2016,27.7825,27.9475,0.5938990371636919,-0.3943712467509167
11/23/2016,27.84,27.8075,-0.11673850574712234,-0.38464978978442327
11/22/2016,27.9875,27.95,-0.13398838767307342,0.6473073811022195
11/21/2016,27.53,27.9325,1.462041409371594,-1.5026833631484728
11/18/2016,27.43,27.515,0.3098796937659528,-1.7989796831647766
11/17/2016,27.4525,27.4875,0.1274929423549773,-0.22714882791204796
11/16/2016,26.675,27.4975,3.0834114339268903,-2.9558890404729423
11/15/2016,26.6425,26.7775,0.506709205217234,-3.109373579416312
11/14/2016,26.9275,26.4275,-1.8568378052177144,0.5601717860143725
11/11/2016,26.78,27.1075,1.2229275578790162,1.3338378582915627
11/10/2016,27.7725,26.9475,-2.9705644072373727,2.4531956100710106
11/09/2016,27.47,27.72,0.9100837277029487,1.938955376194442
11/08/2016,27.5775,27.765,0.6799020940984498,-0.5140692640692579
11/07/2016,27.52,27.6025,0.2997819767441845,-0.8824059067170934
11/04/2016,27.1325,27.21,0.2856353082097137,-1.7027443166379816
11/03/2016,27.745,27.4575,-1.0362227428365522,1.9661889011392875
11/02/2016,27.85,27.8975,0.17055655296229597,1.4294819266138645
11/01/2016,28.365,27.8725,-1.736294729420059,1.6757773994085405
10/31/2016,28.4125,28.385,-0.09678838539375224,1.9373934882052297
10/28/2016,28.4675,28.43,-0.13172916483709993,0.2906464682050363
10/27/2016,28.8475,28.62,-0.7886298639396799,1.4685191698909619
10/26/2016,28.5775,28.8975,1.119762050564256,-0.148497554157933
10/25/2016,29.4875,29.5625,0.25434506146672076,2.041699108919456
10/24/2016,29.275,29.4125,0.4696840307429645,-0.9725158562367912
10/21/2016,29.2025,29.15,-0.17977912849927913,-0.7139821504462417
10/20/2016,29.215,29.265,0.17114495978093688,0.2229845626072085
10/19/2016,29.3125,29.28,-0.11087420042643537,0.1623099265333997
10/18/2016,29.545,29.3675,-0.6007784735149838,0.9050546448087451
10/17/2016,29.3325,29.3875,0.18750532685587562,-0.11917936494424157
10/14/2016,29.47,29.4075,-0.21208008143875126,0.28073160357294624
10/13/2016,29.1975,29.245,0.1626851614008029,-0.7141035450140178
10/12/2016,29.3375,29.335,-0.00852151682998799,0.316293383484348
10/11/2016,29.425,29.075,-1.1894647408666148,0.30680074995738826
