Date,OpenValue,CloseValue,DayChange%
10/08/2021,296.219,294.85,-0.4643038833304973
10/07/2021,295.175,294.85,-0.11022553840935682
10/06/2021,285.78,293.11,2.5007676299000514
10/05/2021,284.0464,288.76,1.632359052500341
10/04/2021,287.4,283.11,-1.5153120695136035
10/01/2021,282.122,289.1,2.4136976824628182
09/30/2021,285.71,281.92,-1.3443530079455035
09/29/2021,285.1,284.0,-0.38732394366197986
09/28/2021,289.795,283.52,-2.2132477426636687
09/27/2021,296.14,294.17,-0.6696807968181563
09/24/2021,298.23,299.35,0.37414397862034554
09/23/2021,298.845,299.56,0.23868340232339932
09/22/2021,296.725,298.58,0.6212740304105974
09/21/2021,295.69,294.8,-0.30189959294436447
09/20/2021,296.33,294.3,-0.6897723411484786
09/17/2021,304.17,299.87,-1.4339547137092779
09/16/2021,303.76,305.22,0.4783434899416933
09/15/2021,303.26,304.82,0.5117774424250385
09/14/2021,299.56,299.79,0.07672037092632114
09/13/2021,297.55,296.99,-0.1885585373244898
09/10/2021,298.415,295.71,-0.9147475567278893
09/09/2021,300.82,297.25,-1.201009251471823
09/08/2021,299.78,300.21,0.14323307018420667
09/07/2021,301.005,300.18,-0.27483509894063185
09/03/2021,300.99,301.14,0.04981071926677867
09/02/2021,302.2,301.15,-0.34866345674913213
09/01/2021,302.865,301.83,-0.34290825961634863
08/31/2021,304.42,301.88,-0.8413939313634624
08/30/2021,301.115,303.59,0.8152442438815397
08/27/2021,298.987,299.72,0.24456159081809822
08/26/2021,300.99,299.09,-0.6352602895449645
08/25/2021,304.3,302.01,-0.7582530379788817
08/24/2021,305.02,302.62,-0.7930738219549195
08/23/2021,303.245,304.65,0.46118496635482453
08/20/2021,299.72,304.36,1.524510448153498
08/19/2021,288.694,296.77,2.7212993227078095
08/18/2021,292.04,290.73,-0.45058989440374303
08/17/2021,292.39,293.08,0.2354305991538139
08/16/2021,293.19,294.6,0.4786150712831042
08/13/2021,289.48,292.85,1.1507597746286509
08/12/2021,286.63,289.81,1.0972706255822804
08/11/2021,287.21,286.95,-0.0906081198815093
08/10/2021,288.8,286.44,-0.8239072755201835
08/09/2021,289.75,288.33,-0.4924912426733313
08/06/2021,288.505,289.46,0.32992468734885105
08/05/2021,286.88,289.52,0.9118541033434603
08/04/2021,286.22,286.51,0.1012181075704037
08/03/2021,285.42,287.12,0.5920869322931139
08/02/2021,286.36,284.82,-0.5406923671090585
07/30/2021,285.17,284.91,-0.09125688814011122
07/29/2021,286.235,286.5,0.09249563699825003
07/28/2021,288.99,286.22,-0.967787016979939
07/27/2021,289.43,286.54,-1.0085851888043507
07/26/2021,289.0,289.05,0.017298045320882673
07/23/2021,287.37,289.67,0.7940069734525533
07/22/2021,283.84,286.14,0.8038023345215669
07/21/2021,278.905,281.4,0.8866382373845078
07/20/2021,278.03,279.32,0.46183588715452545
07/19/2021,278.934,277.01,-0.6945597631854572
07/16/2021,282.07,280.75,-0.4701691896705229
07/15/2021,282.0,281.03,-0.34515887983490284
07/14/2021,282.345,282.51,0.05840501221194422
07/13/2021,277.52,280.98,1.2314043704178361
07/12/2021,279.157,277.32,-0.6624116544064579
07/09/2021,275.72,277.94,0.7987335396128555
07/08/2021,276.9,277.42,0.18744142455484053
07/07/2021,279.4,279.93,0.18933304754761174
07/06/2021,278.03,277.66,-0.13325650075630183
07/02/2021,272.82,277.65,1.7396002160994
07/01/2021,269.61,271.6,0.732695139911638
06/30/2021,270.69,270.9,0.07751937984495369
06/29/2021,268.865,271.4,0.9340456890198853
06/28/2021,266.185,268.72,0.9433611193807774
06/25/2021,266.23,265.02,-0.45656931552337054
06/24/2021,266.16,266.69,0.19873261089653635
06/23/2021,265.99,265.275,-0.26953161813213905
06/22/2021,262.72,265.51,1.050807879175912
06/21/2021,259.82,262.63,1.0699463123024797
06/18/2021,259.63,259.43,-0.07709208649731666
06/17/2021,256.065,260.9,1.853200459946332
06/16/2021,259.4,257.38,-0.7848317662599975
06/15/2021,259.775,258.36,-0.5476854002167377
06/14/2021,257.9,259.89,0.7657085690099693
06/11/2021,257.985,257.89,-0.036837411299401795
06/10/2021,254.29,257.24,1.1467889908256947
06/09/2021,253.81,253.59,-0.08675420955084935
06/08/2021,255.16,252.57,-1.0254582887912276
06/07/2021,249.98,253.81,1.5090027973681148
06/04/2021,247.76,250.79,1.2081821444236218
06/03/2021,245.22,245.71,0.19942208294331082
06/02/2021,248.125,247.3,-0.33360291144358617
06/01/2021,251.23,247.4,-1.5481002425222248
05/28/2021,250.995,249.68,-0.5266741429029148
05/27/2021,251.17,249.31,-0.7460591231799708
05/26/2021,251.43,251.49,0.023857807467494642
05/25/2021,251.769,251.72,-0.01946607341490807
05/24/2021,247.785,250.78,1.1942738655395186
05/21/2021,247.565,245.17,-0.976873190031411
05/20/2021,243.96,246.48,1.0223953261927872
05/19/2021,239.31,243.12,1.5671273445212248
05/18/2021,246.27,243.08,-1.312325160441006
05/17/2021,246.55,245.18,-0.5587731462598926
05/14/2021,245.575,248.15,1.0376788232923702
05/13/2021,241.8,243.03,0.5061103567460765
05/12/2021,242.165,239.0,-1.324267782426775
05/11/2021,244.55,246.23,0.6822889168663357
05/10/2021,250.87,247.18,-1.4928392264746329
05/07/2021,252.15,252.46,0.12279172938287344
05/06/2021,246.45,249.73,1.3134184919713294
05/05/2021,249.06,246.47,-1.0508378301618873
05/04/2021,250.97,247.79,-1.2833447677468852
05/03/2021,253.4,251.86,-0.611450806003332
04/30/2021,249.74,252.18,0.9675628519311594
04/29/2021,255.46,252.51,-1.1682705635420447
04/28/2021,256.078,254.56,-0.5963230672532889
04/27/2021,261.585,261.97,0.14696339275491382
04/26/2021,261.66,261.55,-0.04205696807494309
04/23/2021,257.88,261.15,1.2521539345203838
04/22/2021,260.21,257.17,-1.1820974452696518
04/21/2021,258.94,260.58,0.6293652621076009
04/20/2021,257.82,258.26,0.1703709440099116
04/19/2021,260.19,258.74,-0.560408131715231
04/16/2021,259.47,260.74,0.48707524737285485
04/15/2021,257.931,259.5,0.6046242774566539
04/14/2021,257.475,255.59,-0.7375092922258379
04/13/2021,257.257,258.49,0.47700104452783626
04/12/2021,254.71,255.91,0.4689148528779605
04/09/2021,252.87,255.85,1.1647449677545396
04/08/2021,252.77,253.25,0.18953603158933455
04/07/2021,247.81,249.9,0.8363345338135267
04/06/2021,247.61,247.86,0.10086339062373921
04/05/2021,242.76,249.07,2.5334243385393673
04/01/2021,238.47,242.35,1.600990303280378
03/31/2021,232.91,235.77,1.2130466132247588
03/30/2021,233.525,231.85,-0.7224498598231665
03/29/2021,236.59,235.24,-0.573881992858355
03/26/2021,231.55,236.48,2.084742895805133
03/25/2021,235.3,232.34,-1.2739950073168664
03/24/2021,237.845,235.46,-1.0129108978170351
03/23/2021,237.485,237.58,0.0399865308527649
03/22/2021,230.27,235.99,2.4238315182846724
03/19/2021,231.02,230.35,-0.29086173214674016
03/18/2021,232.56,230.72,-0.7975034674063816
03/17/2021,236.15,237.04,0.3754640566992855
03/16/2021,236.28,237.71,0.6015733456733022
03/15/2021,234.96,234.81,-0.06388143605468494
03/12/2021,234.01,235.75,0.73806998939555
03/11/2021,234.96,237.13,0.9151098553535982
03/10/2021,237.0,232.42,-1.970570518888225
03/09/2021,232.88,233.78,0.38497732911284355
03/08/2021,231.37,227.39,-1.7502968468270454
03/05/2021,229.517,231.6,0.8993955094991358
03/04/2021,226.735,226.73,-0.002205266175637928
03/03/2021,232.155,227.56,-2.0192476709439267
03/02/2021,237.01,233.87,-1.3426262453499749
03/01/2021,235.9,236.94,0.438929686840547
02/26/2021,231.525,232.38,0.36793183578620786
02/25/2021,232.08,228.99,-1.3494039041006172
02/24/2021,230.01,234.55,1.9356214026860032
02/23/2021,230.325,233.27,1.2624855317872086
02/22/2021,237.42,234.51,-1.2408852500959433
02/19/2021,243.75,240.97,-1.1536705814001746
02/18/2021,241.8,243.79,0.8162763033758483
02/17/2021,241.32,244.2,1.1793611793611776
02/16/2021,245.03,243.7,-0.5457529749692296
02/12/2021,243.933,244.99,0.43144618147680164
02/11/2021,244.78,244.49,-0.11861425825186798
02/10/2021,245.0,242.82,-0.8977843670208412
02/09/2021,241.87,243.77,0.7794232268121614
02/08/2021,243.15,242.47,-0.28044706561636773
02/05/2021,242.23,242.2,-0.012386457473163146
02/04/2021,242.66,242.01,-0.26858394281228287
02/03/2021,239.57,243.0,1.4115226337448588
02/02/2021,241.3,239.51,-0.7473591916830281
02/01/2021,235.06,239.65,1.9152931358230767
01/29/2021,235.99,231.96,-1.737368511812382
01/28/2021,235.61,238.93,1.3895283137320524
01/27/2021,238.0,232.9,-2.189781021897808
01/26/2021,231.86,232.33,0.20229845478414274
01/25/2021,229.12,229.53,0.17862588768352572
01/22/2021,227.08,225.95,-0.5001106439477866
01/21/2021,224.7,224.97,0.12001600213362236
01/20/2021,217.7,224.34,2.959793171079618
01/19/2021,213.75,216.44,1.2428386619848446
01/15/2021,213.52,212.65,-0.40912297201975295
01/14/2021,215.91,213.02,-1.3566801239320188
01/13/2021,214.02,216.34,1.0723860589812302
01/12/2021,216.5,214.93,-0.7304703857069711
01/11/2021,218.47,217.49,-0.4505954296749229
01/08/2021,218.68,219.62,0.4280120207631353
01/07/2021,214.04,218.29,1.946951303312108
01/06/2021,212.17,212.25,0.03769140164900471
01/05/2021,217.26,217.9,0.29371271225333395
01/04/2021,222.53,217.69,-2.2233451237999002
12/31/2020,221.7,222.42,0.32371189641219267
12/30/2020,225.23,221.68,-1.601407434139292
12/29/2020,226.31,224.15,-0.9636404193620327
12/28/2020,224.45,224.96,0.22670697012803134
12/24/2020,221.42,222.75,0.5970819304152694
12/23/2020,223.11,221.02,-0.9456157813772524
12/22/2020,222.69,223.94,0.5581852281861213
12/21/2020,217.55,222.59,2.2642526618446435
12/18/2020,218.59,218.59,0.0
12/17/2020,219.87,219.42,-0.20508613617720223
12/16/2020,214.75,219.28,2.0658518788763227
12/15/2020,215.165,214.13,-0.48335123523093293
12/14/2020,213.1,214.2,0.5135387488328639
12/11/2020,210.05,213.26,1.505204914189243
12/10/2020,211.77,210.52,-0.593767813034391
12/09/2020,215.16,211.8,-1.5864022662889448
12/08/2020,213.97,216.01,0.9444007221887839
12/07/2020,214.37,214.29,-0.03733258668160554
12/04/2020,214.22,214.36,0.0653106922933452
12/03/2020,214.61,214.24,-0.17270351008215298
12/02/2020,214.88,215.37,0.22751543854761994
12/01/2020,214.51,216.21,0.7862726053374113
11/30/2020,214.1,214.07,-0.014014107534919017
11/27/2020,214.85,215.23,0.17655531292105908
11/25/2020,215.11,213.87,-0.579791462103151
11/24/2020,209.59,213.86,1.9966333115122088
11/23/2020,210.95,210.11,-0.39979058588357286
11/20/2020,212.2,210.39,-0.8603070488141082
11/19/2020,211.38,212.42,0.48959608323133047
11/18/2020,213.65,211.08,-1.2175478491567144
11/17/2020,216.1,214.46,-0.7647113680872827
11/16/2020,214.87,217.23,1.0864061133360887
11/13/2020,216.36,216.51,0.06928086462518003
11/12/2020,217.21,215.44,-0.8215744522837033
11/11/2020,212.39,216.55,1.9210344031401638
11/10/2020,214.5,211.01,-1.6539500497606792
11/09/2020,224.435,218.39,-2.767983882045889
11/06/2020,222.26,223.72,0.6526014661183658
11/05/2020,222.04,223.29,0.5598101124098706
11/04/2020,214.02,216.39,1.0952446970747152
11/03/2020,203.89,206.43,1.2304413118248414
11/02/2020,204.29,202.33,-0.9687144763505063
10/30/2020,203.5,202.47,-0.5087173408406189
10/29/2020,204.07,204.72,0.3175068386088344
10/28/2020,207.67,202.68,-2.462009078350099
10/27/2020,211.59,213.25,0.7784290738569738
10/26/2020,213.85,210.08,-1.7945544554455357
10/23/2020,215.03,216.23,0.5549646210054057
10/22/2020,213.93,214.89,0.44674019265669856
10/21/2020,213.12,214.8,0.7821229050279361
10/20/2020,215.8,214.65,-0.5357558816678339
10/19/2020,220.415,214.22,-2.891886845299222
10/16/2020,220.15,219.66,-0.22307202039516028
10/15/2020,217.1,219.66,1.1654374943093884
10/14/2020,223.0,220.86,-0.9689395997464394
10/13/2020,222.72,222.86,0.06281970743965484
10/12/2020,218.79,221.4,1.1788617886178923
10/09/2020,211.23,215.81,2.1222371530513007
10/08/2020,210.51,210.58,0.03324152341154031
10/07/2020,207.06,209.83,1.3201162846113568
10/06/2020,208.82,205.91,-1.4132387936477084
10/05/2020,207.22,210.38,1.502043920524763
10/02/2020,208.0,206.19,-0.8778311266307786
10/01/2020,213.49,212.46,-0.48479713828485416
09/30/2020,207.73,210.33,1.236152712404328
09/29/2020,209.35,207.26,-1.0083952523400577
09/28/2020,210.88,209.44,-0.6875477463712747
09/25/2020,203.55,207.82,2.0546626888653554
09/24/2020,199.85,203.19,1.6437816821693998
09/23/2020,207.9,200.59,-3.644249464080962
09/22/2020,205.06,207.42,1.1377880628676045
09/21/2020,197.19,202.54,2.6414535400414705
09/18/2020,202.8,200.39,-1.2026548230949774
09/17/2020,200.05,202.91,1.4094918929574616
09/16/2020,210.62,205.05,-2.7164106315532766
09/15/2020,208.42,208.78,0.17243030941661733
09/14/2020,204.24,205.41,0.569592522272522
09/11/2020,207.2,204.03,-1.5536930843503345
09/10/2020,213.4,205.37,-3.9100160685591865
09/09/2020,207.6,211.29,1.7464148800227164
09/08/2020,206.5,202.66,-1.8947991710253644
09/04/2020,215.1,214.25,-0.39673278879813034
09/03/2020,229.27,217.3,-5.5085135757017945
09/02/2020,227.97,231.65,1.5886034966544387
09/01/2020,225.51,227.27,0.7744092929115234
08/31/2020,227.0,225.53,-0.6517979869640397
08/28/2020,228.18,228.91,0.3189026254859944
08/27/2020,222.89,226.58,1.6285638626533787
08/26/2020,217.88,221.15,1.47863441103324
08/25/2020,213.1,216.47,1.5567977086894278
08/24/2020,214.79,213.69,-0.5147643783050186
08/21/2020,213.86,213.02,-0.3943291709698636
08/20/2020,209.54,214.58,2.3487743498928233
08/19/2020,211.49,209.7,-0.853600381497387
08/18/2020,210.53,211.49,0.4539221712610563
08/17/2020,209.6,210.28,0.3233783526726302
08/14/2020,208.76,208.9,0.06701771182384623
08/13/2020,209.44,208.7,-0.35457594633445577
08/12/2020,205.29,209.19,1.8643338591710912
08/11/2020,207.155,203.38,-1.8561313796833543
08/10/2020,211.67,208.25,-1.6422569027610985
08/07/2020,214.85,212.48,-1.1153990963855445
08/06/2020,212.34,216.35,1.8534781603882555
08/05/2020,214.9,212.94,-0.9204470742932319
08/04/2020,214.17,213.29,-0.41258380608560896
08/03/2020,211.52,216.54,2.318278378128744
07/31/2020,204.4,205.01,0.29754646114822947
07/30/2020,201.0,203.9,1.422265816576756
07/29/2020,202.5,204.06,0.76448103498971
07/28/2020,203.61,202.02,-0.7870507870507887
07/27/2020,201.47,203.85,1.1675251410350727
07/24/2020,200.42,201.3,0.437158469945367
07/23/2020,207.19,202.54,-2.295842796484648
07/22/2020,209.2,211.75,1.2042502951593914
07/21/2020,213.66,208.75,-2.3520958083832317
07/20/2020,205.0,211.6,3.119092627599241
07/17/2020,204.47,202.88,-0.7837145110410112
07/16/2020,205.4,203.92,-0.7257748136524217
07/15/2020,209.56,208.04,-0.7306287252451501
07/14/2020,206.13,208.35,1.065514758819294
07/13/2020,214.48,207.07,-3.578500024146422
07/10/2020,213.62,213.67,0.023400570973923784
07/09/2020,216.33,214.32,-0.9378499440089677
07/08/2020,210.07,212.83,1.296809660292261
07/07/2020,210.45,208.25,-1.0564225690276055
07/06/2020,208.834,210.7,0.8856193640246727
07/02/2020,205.68,206.26,0.2811984873460604
07/01/2020,203.14,204.7,0.7620908646800207
06/30/2020,197.882,203.51,2.765466070463361
06/29/2020,195.78,198.44,1.340455553315862
06/26/2020,199.73,196.33,-1.7317781286609164
06/25/2020,197.8,200.34,1.2678446640710752
06/24/2020,201.604,197.84,-1.9025475131419378
06/23/2020,202.09,201.91,-0.08914863057798367
06/22/2020,195.79,200.57,2.3832078576058238
06/19/2020,198.59,195.15,-1.762746605175505
06/18/2020,194.0,196.32,1.1817440912795403
06/17/2020,195.03,194.24,-0.4067133443163056
06/16/2020,192.89,193.57,0.351294105491557
06/15/2020,184.58,188.94,2.3076108817613976
06/12/2020,190.54,187.74,-1.4914243102162474
06/11/2020,193.13,186.27,-3.6828260052611723
06/10/2020,191.125,196.84,2.9033732981101417
06/09/2020,188.0,189.8,0.9483667017913653
06/08/2020,185.94,188.36,1.2847738373327753
06/05/2020,182.62,187.2,2.4465811965811883
06/04/2020,184.3,182.92,-0.754428165318185
06/03/2020,184.815,185.36,0.29402244281399215
06/02/2020,184.25,184.91,0.3569303985722766
06/01/2020,182.54,182.83,0.15861729475470132
05/29/2020,182.73,183.25,0.283765347885408
05/28/2020,180.74,181.4,0.36383682469680073
05/27/2020,180.2,181.81,0.8855398492932256
05/26/2020,186.34,181.57,-2.6270859723522664
05/22/2020,183.19,183.51,0.17437741812434918
05/21/2020,185.4,183.43,-1.0739791746170195
05/20/2020,184.81,185.66,0.4578261337929518
05/19/2020,185.03,183.63,-0.7624026575178379
05/18/2020,185.75,184.91,-0.4542750527283562
05/15/2020,179.06,183.16,2.23848001747106
05/14/2020,177.54,180.53,1.6562344208718822
05/13/2020,182.55,179.75,-1.5577190542420092
05/12/2020,186.8,182.51,-2.350556133910482
05/11/2020,183.15,186.74,1.9224590339509497
05/08/2020,184.98,184.68,-0.162443144899276
05/07/2020,184.17,183.6,-0.31045751633986557
05/06/2020,182.08,182.54,0.2519995617398814
05/05/2020,180.62,180.76,0.07745076344323211
05/04/2020,174.49,178.84,2.432341757995971
05/01/2020,175.8,174.57,-0.7045884172538341
04/30/2020,180.0,179.21,-0.4408236147536365
04/29/2020,173.22,177.43,2.372766724905601
04/28/2020,175.59,169.81,-3.403804251810848
04/27/2020,176.59,174.05,-1.4593507612754908
04/24/2020,172.06,174.55,1.4265253509023255
04/23/2020,174.11,171.42,-1.5692451289231282
04/22/2020,171.39,173.52,1.2275242047026416
04/21/2020,173.5,167.82,-3.3845787152901963
04/20/2020,176.63,175.06,-0.8968353707300316
04/17/2020,179.5,178.6,-0.5039193729003392
04/16/2020,174.3,177.04,1.5476728422955155
04/15/2020,171.2,171.88,0.3956248545496898
04/14/2020,169.0,173.7,2.705814622913062
04/13/2020,164.35,165.51,0.7008639961331622
04/09/2020,166.36,165.14,-0.7387671066973643
04/08/2020,165.67,165.13,-0.3270150790286393
04/07/2020,169.585,163.49,-3.7280567618814597
04/06/2020,160.32,165.27,2.9950989290252417
04/03/2020,155.1,153.83,-0.8255866866020813
04/02/2020,151.86,155.26,2.1898750483060527
04/01/2020,153.0,152.11,-0.585102886069283
03/31/2020,159.4,157.71,-1.0715870902288995
03/30/2020,152.44,160.23,4.861761218248763
03/27/2020,151.75,149.7,-1.3694054776219182
03/26/2020,148.4,156.11,4.938825187367886
03/25/2020,148.91,146.92,-1.3544786278246728
03/24/2020,143.75,148.34,3.0942429553727946
03/23/2020,137.01,135.98,-0.7574643329901465
03/20/2020,146.0,137.35,-6.297779395704409
03/19/2020,142.77,142.71,-0.04204330460374345
03/18/2020,138.0,140.4,1.7094017094017133
03/17/2020,140.0,146.57,4.4824998294330305
03/16/2020,140.0,135.42,-3.382070595185359
03/13/2020,147.5,158.83,7.1334130831706934
03/12/2020,145.3,139.06,-4.487271681288659
03/11/2020,157.13,153.63,-2.2782008722254767
03/10/2020,158.16,160.92,1.7151379567486895
03/09/2020,151.0,150.62,-0.25229053246580496
03/06/2020,162.61,161.57,-0.6436838522002974
03/05/2020,166.045,166.27,0.13532206651832723
03/04/2020,168.485,170.55,1.2107886250366449
03/03/2020,173.8,164.51,-5.647073126253735
03/02/2020,165.31,172.79,4.328954221887836
02/28/2020,152.41,162.01,5.925560150607985
02/27/2020,163.32,158.18,-3.249462637501572
02/26/2020,169.71,170.17,0.27031791737672894
02/25/2020,174.2,168.07,-3.647289819717972
02/24/2020,167.77,170.89,1.8257358534729804
02/21/2020,183.17,178.59,-2.5645332885379832
02/20/2020,186.95,184.42,-1.3718685608936132
02/19/2020,188.06,187.28,-0.4164886800512607
02/18/2020,185.605,187.23,0.8679164663782515
02/14/2020,183.25,185.35,1.132991637442673
02/13/2020,183.08,183.71,0.3429317946763896
02/12/2020,185.58,184.71,-0.4710086080883572
02/11/2020,190.65,184.44,-3.366948601171117
02/10/2020,183.58,188.7,2.713301536830936
02/07/2020,182.845,183.89,0.568274511936477
02/06/2020,180.97,183.63,1.4485650492838842
02/05/2020,184.03,179.9,-2.295719844357974
02/04/2020,177.14,180.12,1.654452587164123
02/03/2020,170.43,174.38,2.2651680238559404
01/31/2020,172.21,170.23,-1.1631322328614335
01/30/2020,174.05,172.78,-0.7350387776363064
01/29/2020,167.84,168.04,0.11901928112353526
01/28/2020,163.78,165.46,1.015351142270039
01/27/2020,161.15,162.28,0.696327335469556
01/24/2020,167.51,165.04,-1.4966068831798347
01/23/2020,166.19,166.72,0.3178982725527838
01/22/2020,167.4,165.7,-1.0259505129752668
01/21/2020,166.68,166.5,-0.10810810810811221
01/17/2020,167.42,167.1,-0.1915020945541551
01/16/2020,164.35,166.17,1.0952638863814126
01/15/2020,162.62,163.18,0.3431793111900982
01/14/2020,163.39,162.13,-0.7771541355702158
01/13/2020,161.76,163.28,0.9309162175404275
01/10/2020,162.824,161.34,-0.9197967026155999
01/09/2020,161.835,162.09,0.15732000740329166
01/08/2020,158.93,160.09,0.7245924167655672
01/07/2020,159.32,157.58,-1.1042010407411984
01/06/2020,157.08,159.03,1.2261837389171784
01/03/2020,158.32,158.62,0.1891312570924293
01/02/2020,158.78,160.62,1.1455609513136618
12/31/2019,156.77,157.7,0.5897273303741144
12/30/2019,158.987,157.59,-0.8864775683736222
12/27/2019,159.45,158.96,-0.3082536487166461
12/26/2019,157.56,158.67,0.6995651351862263
12/24/2019,157.48,157.38,-0.0635404752827515
12/23/2019,158.12,157.41,-0.45105139444762593
12/20/2019,157.35,157.41,0.03811701924909616
12/19/2019,154.0,155.71,1.0981953631751382
12/18/2019,154.3,154.37,0.045345598237995194
12/17/2019,155.45,154.69,-0.4913051910272099
12/16/2019,155.11,155.53,0.2700443644312914
12/13/2019,153.004,154.53,0.9875105157574648
12/12/2019,151.65,153.24,1.0375880971025864
12/11/2019,151.54,151.7,0.10547132498351787
12/10/2019,151.29,151.13,-0.10586911930126156
12/09/2019,151.07,151.36,0.19159619450318477
12/06/2019,150.99,151.75,0.500823723228989
12/05/2019,150.05,149.93,-0.08003735076369276
12/04/2019,150.14,149.85,-0.19352686019352155
12/03/2019,147.49,149.31,1.218940459446784
12/02/2019,151.81,149.55,-1.5112002674690679
11/29/2019,152.1,151.38,-0.47562425683709797
11/27/2019,152.33,152.32,-0.006565126050432857
11/26/2019,151.36,152.03,0.440702492929019
11/25/2019,150.0,151.23,0.8133306883554783
11/22/2019,150.07,149.59,-0.3208770639748578
11/21/2019,149.4,149.48,0.05351886540004287
11/20/2019,150.31,149.62,-0.4611682930089545
11/19/2019,150.88,150.39,-0.3258195358734019
11/18/2019,150.07,150.34,0.17959292270853414
11/15/2019,148.93,149.97,0.6934720277388758
11/14/2019,147.02,148.06,0.7024179386735054
11/13/2019,146.74,147.31,0.3869391080035253
11/12/2019,146.28,147.07,0.5371591759026261
11/11/2019,145.34,146.11,0.5270002053247622
11/08/2019,143.98,145.96,1.3565360372704975
11/07/2019,143.84,144.26,0.29114099542491856
11/06/2019,144.37,144.06,-0.2151881160627532
11/05/2019,144.97,144.46,-0.3530389035026934
11/04/2019,144.83,144.55,-0.19370460048426227
11/01/2019,144.26,143.72,-0.37573058725298636
10/31/2019,144.9,143.37,-1.067168863779034
10/30/2019,143.52,144.61,0.7537514694696102
10/29/2019,144.08,142.83,-0.8751662815935026
10/28/2019,144.4,144.19,-0.14564116790346623
10/25/2019,139.34,140.73,0.9877069565835191
10/24/2019,139.39,139.94,0.393025582392462
10/23/2019,136.88,137.24,0.26231419411251355
10/22/2019,138.97,136.37,-1.906577693040987
10/21/2019,138.45,138.43,-0.014447735317475844
10/18/2019,139.76,137.41,-1.7102103194818383
10/17/2019,140.95,139.69,-0.9019972796907373
10/16/2019,140.79,140.41,-0.2706359945872769
10/15/2019,140.06,141.575,1.0701041850609123
10/14/2019,139.69,139.55,-0.10032246506627471
10/11/2019,140.12,139.68,-0.3150057273768598
10/10/2019,138.49,139.1,0.4385334291876242
10/09/2019,137.46,138.24,0.5642361111111118
10/08/2019,137.08,135.67,-1.0392865040171189
10/07/2019,137.14,137.12,-0.014585764294035741
10/04/2019,136.75,138.12,0.9918911091804261
10/03/2019,134.95,136.28,0.9759319049016822
10/02/2019,136.25,134.65,-1.1882658744894128
10/01/2019,139.66,137.07,-1.8895454877070135
09/30/2019,138.05,139.03,0.7048838380205636
09/27/2019,140.15,137.73,-1.7570609162854978
09/26/2019,139.44,139.54,0.07166403898523313
09/25/2019,137.5,139.36,1.3346727898966801
09/24/2019,140.36,137.38,-2.169165817440689
09/23/2019,139.23,139.14,-0.06468305304010595
09/20/2019,141.01,139.44,-1.125932300631091
09/19/2019,140.3,141.07,0.545828312185427
09/18/2019,137.36,138.52,0.8374241986716694
09/17/2019,136.96,137.39,0.31297765485113793
09/16/2019,135.83,136.33,0.3667571334262451
09/13/2019,137.78,137.32,-0.3349839790270958
09/12/2019,137.85,137.52,-0.23996509598602683
09/11/2019,135.91,136.12,0.15427563914193942
09/10/2019,136.8,136.08,-0.5291005291005282
09/09/2019,139.59,137.52,-1.505235602094236
09/06/2019,140.03,139.1,-0.6685837526959072
09/05/2019,139.11,140.05,0.6711888611210266
09/04/2019,137.3,137.63,0.23977330523867185
09/03/2019,136.61,136.04,-0.4189944134078371
08/30/2019,139.15,137.86,-0.9357319019294877
08/29/2019,137.25,138.12,0.6298870547350164
08/28/2019,134.88,135.56,0.5016228976099195
08/27/2019,136.39,135.74,-0.4788566376896841
08/26/2019,134.99,135.45,0.33960871170171986
08/23/2019,137.19,133.39,-2.8487892645625696
08/22/2019,138.66,137.78,-0.6386993758165158
08/21/2019,138.55,138.79,0.17292312126232487
08/20/2019,138.21,137.26,-0.6921171499344435
08/19/2019,137.855,138.41,0.40098258796330244
08/16/2019,134.88,136.13,0.9182399177257035
08/15/2019,134.39,133.68,-0.5311190903650356
08/14/2019,136.36,133.98,-1.7763845350052425
08/13/2019,136.05,138.6,1.8398268398268276
08/12/2019,137.07,135.79,-0.9426320053023061
08/09/2019,138.61,137.71,-0.6535473095635796
08/08/2019,136.6,138.89,1.648786809705517
08/07/2019,133.79,135.28,1.101419278533419
08/06/2019,133.8,134.69,0.660776598114178
08/05/2019,133.3,132.21,-0.8244459571893227
08/02/2019,138.09,136.9,-0.8692476260043811
08/01/2019,137.0,138.06,0.7677821237143287
07/31/2019,140.33,136.27,-2.9793791736992747
07/30/2019,140.14,140.35,0.14962593516210043
07/29/2019,141.5,141.03,-0.3332624264340912
07/26/2019,140.37,141.34,0.6862883826234604
07/25/2019,140.43,140.19,-0.17119623368286546
07/24/2019,138.9,140.72,1.2933484934621895
07/23/2019,139.76,139.29,-0.33742551511235475
07/22/2019,137.41,138.43,0.7368345011919455
07/19/2019,140.22,136.62,-2.6350461133069785
07/18/2019,135.55,136.42,0.6377364022870372
07/17/2019,137.7,136.27,-1.0493872459088414
07/16/2019,138.96,137.08,-1.3714619200466847
07/15/2019,139.44,138.9,-0.3887688984881152
07/12/2019,138.85,138.9,0.035997120230389756
07/11/2019,138.2,138.4,0.14450867052024352
07/10/2019,137.13,137.85,0.5223068552774747
07/09/2019,136.0,136.46,0.33709511944892856
07/08/2019,136.4,136.96,0.4088785046728988
07/05/2019,135.94,137.06,0.8171603677221688
07/03/2019,136.8,137.46,0.4801396769969421
07/02/2019,136.12,136.58,0.3367989456728715
07/01/2019,136.63,135.68,-0.7001768867924444
06/28/2019,134.57,133.96,-0.4553598088981675
06/27/2019,134.14,134.15,0.00745434215431929
06/26/2019,134.35,133.93,-0.3135966549690043
06/25/2019,137.25,133.43,-2.862924379824622
06/24/2019,137.0,137.78,0.5661199012919155
06/21/2019,136.58,136.97,0.2847338833321066
06/20/2019,137.45,136.95,-0.36509675063891933
06/19/2019,135.0,135.69,0.5085120495246501
06/18/2019,134.19,135.16,0.7176679490973652
06/17/2019,132.63,132.85,0.16560030109145568
06/14/2019,132.26,132.45,0.14345035862589486
06/13/2019,131.98,132.32,0.2569528415961332
06/12/2019,131.4,131.49,0.06844626967830512
06/11/2019,133.88,132.1,-1.347464042392128
06/10/2019,132.4,132.6,0.15082956259425992
06/07/2019,129.19,131.4,1.6818873668188798
06/06/2019,126.44,127.82,1.0796432483179434
06/05/2019,124.95,125.83,0.6993562743383894
06/04/2019,121.28,123.16,1.526469632997723
06/03/2019,123.85,119.84,-3.3461281708945183
05/31/2019,124.23,123.68,-0.4446959896507092
05/30/2019,125.26,125.73,0.37381690924997923
05/29/2019,125.38,124.94,-0.3521690411397453
05/28/2019,126.98,126.16,-0.6499682942295556
05/24/2019,126.91,126.24,-0.5307351077313068
05/23/2019,126.2,126.18,-0.015850372483750215
05/22/2019,126.62,127.67,0.8224328346518345
05/21/2019,127.43,126.9,-0.4176516942474398
05/20/2019,126.52,126.22,-0.23768024084930847
05/17/2019,128.305,128.07,-0.1834934020457669
05/16/2019,126.75,128.93,1.6908399906926292
05/15/2019,124.26,126.02,1.3966037136962315
05/14/2019,123.87,124.73,0.689489296881263
05/13/2019,124.11,123.35,-0.6161329550060844
05/10/2019,124.91,127.13,1.746244002202469
05/09/2019,124.29,125.5,0.9641434262948158
05/08/2019,125.44,125.51,0.05577244841049111
05/07/2019,126.46,125.52,-0.7488846398980225
05/06/2019,126.39,128.15,1.3733905579399182
05/03/2019,127.36,128.9,1.19472459270753
05/02/2019,127.98,126.21,-1.402424530544339
05/01/2019,130.53,127.88,-2.072255239286836
04/30/2019,129.81,130.6,0.6049004594180644
04/29/2019,129.9,129.77,-0.10017723664945322
04/26/2019,129.7,129.89,0.14627761952421106
04/25/2019,130.06,129.15,-0.704607046070458
04/24/2019,125.79,125.01,-0.6239500839932814
04/23/2019,124.1,125.44,1.06823979591837
04/22/2019,122.62,123.76,0.9211376858435686
04/18/2019,122.19,123.37,0.956472400097274
04/17/2019,121.24,121.77,0.43524677671019235
04/16/2019,121.64,120.77,-0.7203775772128879
04/15/2019,120.94,121.05,0.09087154068566661
04/12/2019,120.64,120.95,0.2563042579578357
04/11/2019,120.54,120.33,-0.17452006980803453
04/10/2019,119.76,120.19,0.35776686912388106
04/09/2019,118.63,119.28,0.5449362843729089
04/08/2019,119.81,119.93,0.10005836738097601
04/05/2019,119.39,119.89,0.41704896154808574
04/04/2019,120.1,119.36,-0.6199731903485212
04/03/2019,119.86,119.97,0.09168958906393218
04/02/2019,119.06,119.19,0.10906955281482963
04/01/2019,118.95,119.02,0.05881364476557989
03/29/2019,118.07,117.94,-0.11022553840935685
03/28/2019,117.44,116.93,-0.4361583853587539
03/27/2019,117.875,116.77,-0.9463047015500591
03/26/2019,118.62,117.91,-0.6021541853956475
03/25/2019,116.56,117.66,0.9348971613122509
03/22/2019,119.5,117.05,-2.0931225971806944
03/21/2019,117.135,120.22,2.5661287639327846
03/20/2019,117.39,117.52,0.1106194690265448
03/19/2019,118.09,117.65,-0.3739906502337422
03/18/2019,116.17,117.57,1.1907799608743654
03/15/2019,115.34,115.91,0.4917608489345123
03/14/2019,114.54,114.59,0.04363382494109185
03/13/2019,114.13,114.5,0.3231441048034974
03/12/2019,112.82,113.62,0.7041013906002564
03/11/2019,110.99,112.83,1.6307719578126416
03/08/2019,109.16,110.51,1.2216089041715759
03/07/2019,111.4,110.39,-0.9149379472778378
03/06/2019,111.87,111.75,-0.10738255033557453
03/05/2019,112.25,111.7,-0.49239033124440207
03/04/2019,113.02,112.26,-0.676999821842144
03/01/2019,112.89,112.53,-0.3199146894161552
02/28/2019,112.04,112.03,-0.00892618048737402
02/27/2019,111.69,112.17,0.42792190425247745
02/26/2019,111.26,112.36,0.9789960840156589
02/25/2019,111.76,111.59,-0.15234339994623325
02/22/2019,110.05,110.97,0.8290528971794194
02/21/2019,106.9,109.41,2.2941230234896177
02/20/2019,107.86,107.15,-0.6626224918338719
02/19/2019,107.79,108.17,0.3512988813903998
02/15/2019,107.91,108.22,0.28645352060617474
02/14/2019,106.31,106.9,0.5519176800748394
02/13/2019,107.5,106.81,-0.6460069281902422
02/12/2019,106.14,106.89,0.7016559079427448
02/11/2019,106.2,105.25,-0.9026128266033282
02/08/2019,104.39,105.67,1.21131825494464
02/07/2019,105.185,105.27,0.08074475159114064
02/06/2019,107.0,106.03,-0.9148354239366207
02/05/2019,106.06,107.22,1.081887707517251
02/04/2019,102.87,105.74,2.7142046529222528
02/01/2019,103.775,102.78,-0.9680871764934855
01/31/2019,103.8,104.43,0.603274920999722
01/30/2019,104.62,106.38,1.6544463244970775
01/29/2019,104.88,102.94,-1.884592966776761
01/28/2019,106.26,105.08,-1.1229539398553547
01/25/2019,107.24,107.17,-0.06531678641410206
01/24/2019,106.86,106.2,-0.621468926553669
01/23/2019,106.12,106.71,0.552900384218901
01/22/2019,106.75,105.68,-1.0124905374716058
01/18/2019,107.46,107.71,0.2321047256522143
01/17/2019,105.0,106.12,1.0554089709762575
01/16/2019,105.26,105.38,0.11387360030365376
01/15/2019,102.51,105.01,2.38072564517665
01/14/2019,101.9,102.05,0.1469867711905845
01/11/2019,103.19,102.8,-0.3793774319066153
01/10/2019,103.22,103.6,0.3667953667953624
01/09/2019,103.86,104.27,0.3932099357437389
01/08/2019,103.04,102.8,-0.23346303501946408
01/07/2019,101.64,102.06,0.41152263374485765
01/04/2019,99.72,101.93,2.168154615912889
01/03/2019,100.1,97.4,-2.7720739219712405
01/02/2019,99.55,101.12,1.5526107594936782
12/31/2018,101.29,101.57,0.2756719503790361
12/28/2018,102.09,100.39,-1.69339575654946
12/27/2018,99.3,101.18,1.858074718323789
12/26/2018,95.14,100.56,5.389817024661895
12/24/2018,97.68,94.13,-3.7713800063741756
12/21/2018,101.63,98.23,-3.4612643795174503
12/20/2018,103.05,101.51,-1.5170919121268762
12/19/2018,103.65,103.69,0.03857652618380947
12/18/2018,103.75,103.97,0.2115994998557265
12/17/2018,105.41,102.89,-2.449217611040914
12/14/2018,108.25,106.03,-2.0937470527209268
12/13/2018,109.58,109.45,-0.11877569666513975
12/12/2018,110.89,109.08,-1.6593325999266613
12/11/2018,109.8,108.59,-1.1142830831568227
12/10/2018,104.8,107.59,2.593177804628689
12/07/2018,108.38,104.82,-3.396298416332763
12/06/2018,105.82,109.19,3.0863632200751026
12/04/2018,111.94,108.52,-3.151492812384816
12/03/2018,113.0,112.09,-0.8118476224462455
11/30/2018,110.7,110.89,0.1713409685273674
11/29/2018,110.33,110.19,-0.1270532716217448
11/28/2018,107.89,111.12,2.906767458603315
11/27/2018,106.27,107.14,0.8120216539107753
11/26/2018,104.79,106.47,1.5779092702169557
11/23/2018,102.17,103.07,0.87319297564761
11/21/2018,103.6,103.11,-0.4752206381534234
11/20/2018,101.8,101.71,-0.08848687444696039
11/19/2018,108.27,104.62,-3.4888166698527923
11/16/2018,107.08,108.29,1.1173700249330574
11/15/2018,104.99,107.28,2.134601043997023
11/14/2018,108.1,104.97,-2.9818043250452466
11/13/2018,107.55,106.94,-0.570413315878062
11/12/2018,109.42,106.87,-2.3860765415925864
11/09/2018,110.85,109.57,-1.1682029752669538
11/08/2018,111.8,111.75,-0.04474272930648515
11/07/2018,109.44,111.96,2.250803858520897
11/06/2018,107.38,107.72,0.31563312291125456
11/05/2018,106.37,107.51,1.0603664775369737
11/02/2018,106.48,106.16,-0.30143180105501827
11/01/2018,107.05,105.92,-1.0668429003021105
10/31/2018,105.435,106.81,1.2873326467559216
10/30/2018,103.66,103.73,0.06748288826762497
10/29/2018,108.105,103.85,-4.097255657197891
10/26/2018,105.69,106.96,1.1873597606581863
10/25/2018,106.55,108.3,1.615881809787627
10/24/2018,108.41,102.32,-5.951915559030496
10/23/2018,107.77,108.1,0.30527289546715847
10/22/2018,109.32,109.63,0.2827693149685326
10/19/2018,108.93,108.66,-0.24848150193264332
10/18/2018,110.1,108.5,-1.474654377880179
10/17/2018,111.68,110.71,-0.8761629482431696
10/16/2018,109.54,111.0,1.3153153153153097
10/15/2018,108.91,107.6,-1.21747211895911
10/12/2018,109.01,109.57,0.511088801679281
10/11/2018,105.35,105.91,0.528750826173168
10/10/2018,111.24,106.16,-4.785229841748303
10/09/2018,111.14,112.26,0.9976839479779124
10/08/2018,111.66,110.85,-0.7307171853856584
10/05/2018,112.63,112.13,-0.44591099616516544
10/04/2018,114.61,112.79,-1.613618228566356
10/03/2018,115.42,115.17,-0.21707041764348353
10/02/2018,115.3,115.15,-0.1302648719062019
10/01/2018,114.75,115.61,0.7438802871723894
09/28/2018,114.19,114.37,0.1573839293521088
09/27/2018,114.78,114.41,-0.32339830434402983
09/26/2018,114.47,113.98,-0.42989998245305744
09/25/2018,114.8,114.45,-0.30581039755351186
09/24/2018,113.03,114.67,1.4301909828202672
09/21/2018,114.0,114.26,0.2275511990197839
09/20/2018,112.28,113.57,1.135863344193002
09/19/2018,113.05,111.7,-1.208594449418079
09/18/2018,112.19,113.21,0.9009804787562902
09/17/2018,113.69,112.14,-1.3822008204030651
09/14/2018,113.36,113.37,0.008820675663760356
09/13/2018,112.12,112.91,0.699672305375956
09/12/2018,111.43,111.71,0.25064900187985584
09/11/2018,108.9,111.24,2.103559870550152
09/10/2018,108.84,109.38,0.493691716950075
09/07/2018,108.23,108.21,-0.018482580168200934
09/06/2018,108.25,108.74,0.4506161486113619
09/05/2018,111.01,108.49,-2.322794727624675
09/04/2018,110.85,111.71,0.7698505057738783
08/31/2018,111.685,112.33,0.5742010148669064
08/30/2018,111.67,111.95,0.25011165698972854
08/29/2018,110.45,112.02,1.4015354400999762
08/28/2018,109.94,110.26,0.290223109015062
08/27/2018,109.27,109.6,0.3010948905109474
08/24/2018,107.67,108.4,0.6734317343173468
08/23/2018,107.15,107.56,0.38118259576050256
08/22/2018,105.85,107.06,1.1302073603586849
08/21/2018,106.92,105.98,-0.8869598037365518
08/20/2018,107.51,106.87,-0.5988584261251994
08/17/2018,107.36,107.58,0.20449897750511142
08/16/2018,108.3,107.64,-0.6131549609810448
08/15/2018,108.49,107.66,-0.7709455693850997
08/14/2018,108.56,109.56,0.9127418765972983
08/13/2018,109.24,108.21,-0.9518528786618623
08/10/2018,109.42,109.0,-0.38532110091743277
08/09/2018,109.71,109.67,-0.03647305553021979
08/08/2018,109.33,109.49,0.1461320668554175
08/07/2018,108.56,108.88,0.2939015429830944
08/06/2018,108.12,108.13,0.009248127254222608
08/03/2018,107.8,108.04,0.22213994816735386
08/02/2018,105.4,107.57,2.0172910662824095
08/01/2018,106.03,106.28,0.23522770041400076
07/31/2018,106.49,106.08,-0.38650075414780977
07/30/2018,107.19,105.37,-1.727246844452874
07/27/2018,110.18,107.68,-2.3216939078751855
07/26/2018,110.74,109.62,-1.021711366538944
07/25/2018,107.955,110.83,2.594062979337725
07/24/2018,108.57,107.66,-0.8452535760728188
07/23/2018,106.3,107.97,1.5467259423914066
07/20/2018,108.08,106.27,-1.703208807753837
07/19/2018,104.93,104.4,-0.5076628352490432
07/18/2018,105.94,105.12,-0.7800608828006023
07/17/2018,104.61,105.95,1.2647475224162372
07/16/2018,105.4,104.91,-0.46706700981794785
07/13/2018,104.37,105.43,1.0054064308071728
07/12/2018,102.77,104.19,1.3628947115846068
07/11/2018,101.15,101.98,0.8138850755049992
07/10/2018,102.0,102.12,0.11750881316099152
07/09/2018,101.645,101.85,0.2012763868433955
07/06/2018,99.885,101.16,1.2603795966785207
07/05/2018,99.5,99.76,0.260625501202892
07/03/2018,100.48,99.05,-1.4437152953054082
07/02/2018,98.1,100.01,1.909809019098101
06/29/2018,98.93,98.61,-0.32451069871210564
06/28/2018,97.38,98.63,1.2673628713373213
06/27/2018,99.58,97.54,-2.0914496616772524
06/26/2018,98.82,99.08,0.2624142107388021
06/25/2018,100.0,98.39,-1.6363451570281529
06/22/2018,100.41,100.41,0.0
06/21/2018,102.075,101.14,-0.9244611429701427
06/20/2018,101.37,101.87,0.4908216354176892
06/19/2018,99.65,100.86,1.1996827285345961
06/18/2018,100.01,100.86,0.8427523299623183
06/15/2018,101.51,100.13,-1.378208329172086
06/14/2018,101.65,101.42,-0.22677972786433048
06/13/2018,101.72,100.85,-0.8626673277144319
06/12/2018,101.1,101.31,0.20728457210542686
06/11/2018,101.37,101.05,-0.31667491340921067
06/08/2018,101.092,101.63,0.5293712486470499
06/07/2018,102.65,100.88,-1.7545598731165841
06/06/2018,102.48,102.49,0.009757049468231931
06/05/2018,102.0,102.19,0.18592817301105563
06/04/2018,101.26,101.67,0.40326546670600627
06/01/2018,99.28,100.79,1.4981645004464779
05/31/2018,99.29,98.84,-0.45528126264670454
05/30/2018,98.31,98.95,0.6467913087417894
05/29/2018,97.84,98.01,0.17345168860320548
05/25/2018,98.3,98.36,0.061000406669380114
05/24/2018,98.725,98.31,-0.4221340657104995
05/23/2018,96.71,98.66,1.976484897628221
05/22/2018,97.68,97.5,-0.18461538461539162
05/21/2018,97.0,97.6,0.6147540983606499
05/18/2018,96.01,96.36,0.36322125363220664
05/17/2018,96.76,96.18,-0.6030359742150118
05/16/2018,97.36,97.15,-0.21616057642819736
05/15/2018,97.24,97.32,0.08220304151253421
05/14/2018,97.92,98.03,0.11221054779149181
05/11/2018,97.8,97.7,-0.10235414534288055
05/10/2018,97.46,97.91,0.4596057603921998
05/09/2018,96.01,96.94,0.9593563028677455
05/08/2018,95.8456,95.81,-0.0371568729777709
05/07/2018,95.17,96.22,1.091249220536268
05/04/2018,93.32,95.16,1.933585540142921
05/03/2018,92.96,94.07,1.1799723610077595
05/02/2018,94.99,93.51,-1.5827184258367977
05/01/2018,93.21,95.0,1.8842105263157962
04/30/2018,96.33,93.52,-3.0047048759623634
04/27/2018,97.6,95.82,-1.8576497599666053
04/26/2018,93.55,94.26,0.7532357309569361
04/25/2018,93.3,92.31,-1.07247318817029
04/24/2018,96.242,93.12,-3.35266323024055
04/23/2018,95.744,95.35,-0.4132144729942376
04/20/2018,95.91,95.0,-0.9578947368421017
04/19/2018,96.44,96.11,-0.34335657059619007
04/18/2018,96.22,96.44,0.22812111157196066
04/17/2018,95.0,96.07,1.1137712084937994
04/16/2018,94.07,94.17,0.10619093129447651
04/13/2018,94.05,93.08,-1.0421143102707338
04/12/2018,92.43,93.58,1.2288950630476505
04/11/2018,92.01,91.86,-0.16329196603527724
04/10/2018,92.39,92.88,0.5275624461670918
04/09/2018,91.04,90.77,-0.29745510631266964
04/06/2018,91.49,90.23,-1.3964313421256687
04/05/2018,92.435,92.38,-0.059536696254607946
04/04/2018,87.85,92.33,4.8521607278241135
04/03/2018,89.575,89.71,0.15048489577526575
04/02/2018,90.47,88.52,-2.2028920018075047
03/29/2018,90.18,91.27,1.1942587925933925
03/28/2018,89.82,89.39,-0.4810381474437774
03/27/2018,94.94,89.47,-6.113781155694645
03/26/2018,90.61,93.78,3.3802516528044375
03/23/2018,89.5,87.18,-2.66116081670107
03/22/2018,91.265,89.79,-1.642721906671115
03/21/2018,92.93,92.48,-0.48659169550173315
03/20/2018,93.05,93.13,0.08590142811124052
03/19/2018,93.74,92.89,-0.9150608246312782
03/16/2018,94.68,94.6,-0.0845665961945164
03/15/2018,93.53,94.18,0.6901677638564512
03/14/2018,95.12,93.85,-1.3532232285562176
03/13/2018,97.0,94.41,-2.743353458320097
03/12/2018,96.5,96.77,0.2790120905239186
03/09/2018,95.29,96.54,1.2948000828672053
03/08/2018,94.27,94.43,0.16943767870381318
03/07/2018,93.16,93.86,0.7457916045173694
03/06/2018,94.34,93.32,-1.0930132876125271
03/05/2018,92.34,93.64,1.388295600170864
03/02/2018,91.58,93.05,1.5797958087049961
03/01/2018,93.99,92.85,-1.2277867528271413
02/28/2018,94.84,93.77,-1.1410899008211661
02/27/2018,95.74,94.2,-1.6348195329086965
02/26/2018,94.4,95.42,1.0689582896667322
02/23/2018,92.75,94.06,1.3927280459281333
02/22/2018,92.05,91.73,-0.34884988553362384
02/21/2018,92.98,91.49,-1.628593288884041
02/20/2018,91.475,92.72,1.3427523727351214
02/16/2018,92.45,92.0,-0.48913043478261176
02/15/2018,91.21,92.66,1.5648607813511795
02/14/2018,88.51,90.81,2.5327607091729956
02/13/2018,88.93,89.83,1.001892463542237
02/12/2018,88.735,89.13,0.44317289352630546
02/09/2018,86.3,88.18,2.132002721705613
02/08/2018,89.71,85.01,-5.528761322197375
02/07/2018,90.49,89.61,-0.9820332552170467
02/06/2018,86.89,91.33,4.861491295302746
02/05/2018,90.56,88.0,-2.9090909090909114
02/02/2018,93.64,91.78,-2.026585312704292
02/01/2018,94.79,94.26,-0.562274559728412
01/31/2018,93.75,95.01,1.326176191979797
01/30/2018,93.3,92.74,-0.6038386888074211
01/29/2018,95.14,93.92,-1.2989778534923326
01/26/2018,93.12,94.06,0.9993621092919389
01/25/2018,92.465,92.33,-0.1462146647893481
01/24/2018,92.55,91.82,-0.7950337617076932
01/23/2018,91.9,91.9,0.0
01/22/2018,90.0,91.61,1.757450060037113
01/19/2018,90.14,90.0,-0.1555555555555562
01/18/2018,89.8,90.1,0.3329633740288537
01/17/2018,89.08,90.14,1.17594852451742
01/16/2018,90.1,88.35,-1.9807583474816073
01/12/2018,88.67,89.6,1.0379464285714204
01/11/2018,88.13,88.08,-0.056766575840142094
01/10/2018,87.86,87.82,-0.04554771122751794
01/09/2018,88.65,88.22,-0.48741781908864973
01/08/2018,88.2,88.28,0.09062075215224093
01/05/2018,87.66,88.19,0.6009751672525243
01/04/2018,86.59,87.11,0.5969463896223121
01/03/2018,86.055,86.35,0.34163288940357556
01/02/2018,86.125,85.95,-0.20360674810936258
12/29/2017,85.63,85.54,-0.10521393500115642
12/28/2017,85.9,85.72,-0.2099860009332791
12/27/2017,85.65,85.71,0.07000350017499483
12/26/2017,85.31,85.4,0.10538641686183069
12/22/2017,85.4,85.51,0.12863992515495196
12/21/2017,86.05,85.5,-0.6432748538011662
12/20/2017,86.2,85.52,-0.7951356407857891
12/19/2017,86.35,85.83,-0.6058487708260469
12/18/2017,87.12,86.38,-0.8566797869877392
12/15/2017,85.26,86.85,1.8307426597581915
12/14/2017,85.43,84.69,-0.8737749439131056
12/13/2017,85.74,85.35,-0.45694200351493913
12/12/2017,85.31,85.58,0.31549427436316435
12/11/2017,84.29,85.23,1.1028980405960316
12/08/2017,83.63,84.16,0.629752851711028
12/07/2017,82.54,82.49,-0.060613407685793874
12/06/2017,81.55,82.78,1.4858661512442666
12/05/2017,81.34,81.59,0.3064100992768721
12/04/2017,84.42,81.08,-4.119388258510118
12/01/2017,83.6,84.26,0.7832898172323888
11/30/2017,83.51,84.17,0.784127361292618
11/29/2017,84.71,83.34,-1.6438684905207466
11/28/2017,84.07,84.88,0.9542884071630564
11/27/2017,83.31,83.87,0.6677000119232172
11/24/2017,83.01,83.26,0.30026423252462164
11/22/2017,83.83,83.11,-0.8663217422692804
11/21/2017,82.74,83.72,1.1705685618729145
11/20/2017,82.4,82.53,0.15751847812915964
11/17/2017,83.12,82.4,-0.8737864077669889
11/16/2017,83.1,83.2,0.12019230769231794
11/15/2017,83.47,82.98,-0.5905037358399552
11/14/2017,83.5,84.05,0.6543723973825071
11/13/2017,83.66,83.93,0.3216966519718935
11/10/2017,83.79,83.87,0.0953857159890286
11/09/2017,84.11,84.09,-0.02378404090854563
11/08/2017,84.14,84.56,0.49668874172185634
11/07/2017,84.77,84.27,-0.5933309600094934
11/06/2017,84.2,84.47,0.3196401089144028
11/03/2017,84.08,84.14,0.07130972189208731
11/02/2017,83.35,84.05,0.832837596668653
11/01/2017,83.68,83.18,-0.6011060351045924
10/31/2017,84.36,83.18,-1.418610242846829
10/30/2017,83.7,83.89,0.22648706639646887
10/27/2017,84.37,83.81,-0.6681780217157883
10/26/2017,79.2,78.76,-0.558659217877092
10/25/2017,78.58,78.63,0.06358896095637435
10/24/2017,78.9,78.86,-0.05072279989856232
10/23/2017,78.99,78.83,-0.2029684130407162
10/20/2017,78.32,78.81,0.6217485090724643
10/19/2017,77.57,77.91,0.4364009754845378
10/18/2017,77.67,77.61,-0.07730962504832145
10/17/2017,77.47,77.59,0.1546591055548454
10/16/2017,77.42,77.65,0.29620090148100964
10/13/2017,77.59,77.49,-0.12904890953672543
10/12/2017,76.49,77.12,0.8169087136929586
10/11/2017,76.36,76.42,0.0785134781470849
10/10/2017,76.33,76.29,-0.052431511338303885
10/09/2017,75.97,76.29,0.4194520907065242
10/06/2017,75.67,76.0,0.4342105263157872
10/05/2017,75.22,75.97,0.9872318020271159
10/04/2017,74.0,74.69,0.9238184495916424
10/03/2017,74.67,74.26,-0.5521141933746251
10/02/2017,74.71,74.61,-0.13403029084572352
09/29/2017,73.94,74.49,0.738354141495499
09/28/2017,73.54,73.87,0.4467307431975068
09/27/2017,73.55,73.85,0.40622884224779576
09/26/2017,73.67,73.26,-0.559650559650555
09/25/2017,74.09,73.26,-1.1329511329511306
09/22/2017,73.99,74.41,0.5644402634054585
09/21/2017,75.11,74.21,-1.212774558684821
09/20/2017,75.35,74.94,-0.5471043501467795
09/19/2017,75.21,75.44,0.3048780487804931
09/18/2017,75.23,75.16,-0.0931346460883547
09/15/2017,74.83,75.31,0.6373655557030992
09/14/2017,75.0,74.77,-0.30761000401230976
09/13/2017,74.93,75.21,0.37229091876078574
09/12/2017,74.76,74.68,-0.10712372790572881
09/11/2017,74.31,74.76,0.6019261637239203
09/08/2017,74.33,73.98,-0.473100838064334
09/07/2017,73.68,74.34,0.8878127522195273
09/06/2017,73.74,73.4,-0.4632152588555711
09/05/2017,73.34,73.61,0.3667979894036082
09/01/2017,74.71,73.94,-1.0413849066810874
08/31/2017,74.03,74.77,0.9897017520395812
08/30/2017,73.01,74.01,1.3511687609782461
08/29/2017,72.25,73.05,1.0951403148528367
08/28/2017,73.06,72.83,-0.3158039269531841
08/25/2017,72.86,72.82,-0.05492996429553179
08/24/2017,72.74,72.69,-0.06878525244187256
08/23/2017,72.96,72.72,-0.33003300330032304
08/22/2017,72.35,73.16,1.1071623838162963
08/21/2017,72.47,72.15,-0.443520443520434
08/18/2017,72.27,72.49,0.3034901365705599
08/17/2017,73.58,72.4,-1.6298342541436361
08/16/2017,73.34,73.65,0.42090970807875394
08/15/2017,73.59,73.22,-0.5053264135482171
08/14/2017,73.06,73.59,0.720206549802964
08/11/2017,71.61,72.5,1.2275862068965524
08/10/2017,71.9,71.41,-0.6861784063856731
08/09/2017,72.25,72.47,0.30357389264523094
08/08/2017,72.09,72.79,0.9616705591427432
08/07/2017,72.8,72.4,-0.552486187845292
08/04/2017,72.4,72.68,0.3852504127683009
08/03/2017,72.19,72.15,-0.05544005544004441
08/02/2017,72.55,72.26,-0.40132853584277883
08/01/2017,73.1,72.58,-0.7164508128961091
07/31/2017,73.3,72.7,-0.8253094910591393
07/28/2017,72.67,73.04,0.5065717415115067
07/27/2017,73.76,73.16,-0.8201202843083769
07/26/2017,74.34,74.05,-0.3916272788656398
07/25/2017,73.8,74.19,0.5256773150020226
07/24/2017,73.53,73.6,0.09510869565216466
07/21/2017,73.45,73.79,0.460767041604558
07/20/2017,74.18,74.22,0.053893829156550846
07/19/2017,73.5,73.86,0.4874086108854582
07/18/2017,73.09,73.3,0.2864938608458305
07/17/2017,72.8,73.35,0.7498295841854086
07/14/2017,72.24,72.78,0.7419620774938256
07/13/2017,71.5,71.77,0.3762017556081873
07/12/2017,70.69,71.15,0.646521433591016
07/11/2017,70.0,69.99,-0.014287755393634971
07/10/2017,69.46,69.98,0.7430694484138471
07/07/2017,68.7,69.46,1.0941549093003038
07/06/2017,68.27,68.57,0.43750911477322035
07/05/2017,68.255,69.08,1.194267515923571
07/03/2017,69.33,68.17,-1.7016282822355824
06/30/2017,68.78,68.93,0.21761207021616957
06/29/2017,69.38,68.49,-1.299459775149658
06/28/2017,69.21,69.8,0.8452722063037299
06/27/2017,70.11,69.21,-1.3003901170351189
06/26/2017,71.4,70.53,-1.2335176520629585
06/23/2017,70.09,71.21,1.5728128071899878
06/22/2017,70.54,70.26,-0.39851978366069046
06/21/2017,70.21,70.27,0.08538494378824857
06/20/2017,70.82,69.91,-1.3016735803175463
06/19/2017,70.5,70.87,0.5220826866092909
06/16/2017,69.73,70.0,0.38571428571428
06/15/2017,69.27,69.9,0.9012875536480823
06/14/2017,70.91,70.27,-0.9107727337412845
06/13/2017,70.02,70.65,0.8917197452229436
06/12/2017,69.25,69.78,0.7595299512754388
06/09/2017,72.035,70.32,-2.4388509670079683
06/08/2017,72.51,71.95,-0.7783182765809621
06/07/2017,72.635,72.39,-0.33844453653820217
06/06/2017,72.3,72.52,0.30336458907887326
06/05/2017,71.97,72.28,0.4288876591034896
06/02/2017,70.44,71.76,1.8394648829431541
06/01/2017,70.24,70.1,-0.1997146932952933
05/31/2017,70.53,69.84,-0.987972508591062
05/30/2017,69.79,70.41,0.880556739099546
05/26/2017,69.8,69.96,0.22870211549456346
05/25/2017,68.97,69.62,0.9336397586900398
05/24/2017,68.87,68.77,-0.14541224371093286
05/23/2017,68.72,68.68,-0.05824111822945842
05/22/2017,67.89,68.45,0.8181154127100106
05/19/2017,67.5,67.69,0.2806913872063787
05/18/2017,67.4,67.71,0.45783488406437467
05/17/2017,68.89,67.48,-2.0895080023710677
05/16/2017,68.23,69.41,1.7000432214378227
05/15/2017,68.14,68.43,0.42379073505773235
05/12/2017,68.61,68.38,-0.33635565954958174
05/11/2017,68.36,68.46,0.14607069821792917
05/10/2017,68.99,69.31,0.4616938392728429
05/09/2017,68.86,69.04,0.2607184241019797
05/08/2017,68.97,68.94,-0.04351610095735587
05/05/2017,68.9,69.0,0.14492753623187582
05/04/2017,69.03,68.81,-0.3197209707891278
05/03/2017,69.38,69.08,-0.43427909669947473
05/02/2017,69.71,69.3,-0.5916305916305867
05/01/2017,68.68,69.41,1.0517216539403398
04/28/2017,68.91,68.46,-0.6573181419807229
04/27/2017,68.15,68.27,0.17577266735021288
04/26/2017,68.08,67.83,-0.3685684800235884
04/25/2017,67.9,67.92,0.029446407538274474
04/24/2017,67.48,67.53,0.07404116688878595
04/21/2017,65.67,66.4,1.0993975903614517
04/20/2017,65.46,65.5,0.06106870229008588
04/19/2017,65.65,65.04,-0.9378843788437875
04/18/2017,65.33,65.39,0.09175714941122844
04/17/2017,65.04,65.48,0.6719609040928493
04/13/2017,65.29,64.95,-0.523479599692076
04/12/2017,65.42,65.23,-0.2912770197761731
04/11/2017,65.6,65.48,-0.18326206475258144
04/10/2017,65.61,65.53,-0.12208148939416799
04/07/2017,65.85,65.68,-0.258830694275255
04/06/2017,65.6,65.73,0.197778792028008
04/05/2017,66.3,65.56,-1.1287370347772954
04/04/2017,65.39,65.73,0.5172676099193723
04/03/2017,65.81,65.55,-0.39664378337148
03/31/2017,65.65,65.86,0.31885818402671384
03/30/2017,65.42,65.71,0.4413331304215372
03/29/2017,65.12,65.47,0.5345959981670908
03/28/2017,64.96,65.29,0.5054372798284767
03/27/2017,64.63,65.1,0.7219662058371719
03/24/2017,65.12,64.98,-0.21545090797168445
03/23/2017,64.94,64.87,-0.10790812394017756
03/22/2017,64.12,65.03,1.3993541442411142
03/21/2017,65.19,64.21,-1.5262420183772063
03/20/2017,64.91,64.93,0.030802402587417576
03/17/2017,64.91,64.87,-0.06166178510866663
03/16/2017,64.75,64.64,-0.17017326732673177
03/15/2017,64.55,64.75,0.30888030888031326
03/14/2017,64.53,64.41,-0.18630647414998378
03/13/2017,65.01,64.71,-0.4636068613815661
03/10/2017,65.11,64.93,-0.27722162328660493
03/09/2017,65.19,64.73,-0.7106442144291576
03/08/2017,64.26,64.99,1.1232497307277887
03/07/2017,64.19,64.4,0.32608695652175146
03/06/2017,63.97,64.27,0.466780768632328
03/03/2017,63.99,64.25,0.40466926070038595
03/02/2017,64.69,64.01,-1.0623340103108774
03/01/2017,64.13,64.94,1.2473052048044384
02/28/2017,64.08,63.98,-0.15629884338856115
02/27/2017,64.54,64.23,-0.4826405106648019
02/24/2017,64.53,64.62,0.13927576601671837
02/23/2017,64.42,64.62,0.3095017022593668
02/22/2017,64.33,64.36,0.04661280298322116
02/21/2017,64.61,64.49,-0.18607536052101808
02/17/2017,64.47,64.62,0.2321262766945306
02/16/2017,64.74,64.52,-0.3409795412275246
02/15/2017,64.5,64.53,0.04649000464900223
02/14/2017,64.41,64.57,0.24779309276753386
02/13/2017,64.24,64.72,0.7416563658838133
02/10/2017,64.25,64.0,-0.390625
02/09/2017,63.52,64.06,0.8429597252575697
02/08/2017,63.57,63.34,-0.3631196716135094
02/07/2017,63.74,63.43,-0.48872773135740544
02/06/2017,63.5,63.64,0.21998742928975573
02/03/2017,63.5,63.68,0.28266331658291416
02/02/2017,63.25,63.17,-0.12664239354123522
02/01/2017,64.355,63.58,-1.2189367725699995
01/31/2017,64.86,64.65,-0.3248259860788766
01/30/2017,65.69,65.13,-0.8598188238906836
01/27/2017,65.39,65.78,0.5928853754940719
01/26/2017,64.12,64.27,0.23339038431615294
01/25/2017,63.95,63.68,-0.4239949748743767
01/24/2017,63.2,63.52,0.5037783375314866
01/23/2017,62.7,62.96,0.4129606099110515
01/20/2017,62.67,62.74,0.11157156518967211
01/19/2017,62.24,62.3,0.09630818619581889
01/18/2017,62.67,62.5,-0.2720000000000027
01/17/2017,62.68,62.53,-0.23988485526946837
01/13/2017,62.62,62.7,0.12759170653908355
01/12/2017,63.06,62.61,-0.7187350263536222
01/11/2017,62.61,63.19,0.9178667510682044
01/10/2017,62.73,62.62,-0.175662727563078
01/09/2017,62.76,62.64,-0.19157088122604957
01/06/2017,62.3,62.84,0.8593252705283358
01/05/2017,62.19,62.3,0.17656500802568129
01/04/2017,62.48,62.3,-0.28892455858747945
01/03/2017,62.79,62.58,-0.3355704697986591
12/30/2016,62.96,62.14,-1.3196009011908598
12/29/2016,62.86,62.9,0.063593004769474
12/28/2016,63.4,62.99,-0.6508969677726569
12/27/2016,63.21,63.28,0.11061946902654912
12/23/2016,63.45,63.24,-0.3320683111954473
12/22/2016,63.84,63.55,-0.45633359559403036
12/21/2016,63.43,63.54,0.1731192949323252
12/20/2016,63.69,63.54,-0.23607176581680608
12/19/2016,62.56,63.62,1.6661427224143277
12/16/2016,62.95,62.3,-1.0433386837881313
12/15/2016,62.7,62.58,-0.19175455417066883
12/14/2016,63.0,62.68,-0.510529674537333
12/13/2016,62.5,62.98,0.7621467132422942
12/12/2016,61.82,62.17,0.5629724947724005
12/09/2016,61.18,61.97,1.2748103921252205
12/08/2016,61.3,61.01,-0.47533191280117876
12/07/2016,60.01,61.37,2.216066481994459
12/06/2016,60.43,59.95,-0.800667222685566
12/05/2016,59.7,60.22,0.8635004981733578
12/02/2016,59.08,59.25,0.28691983122363157
12/01/2016,60.11,59.2,-1.5371621621621563
11/30/2016,60.86,60.26,-0.9956853634251601
11/29/2016,60.65,61.09,0.7202488132263951
11/28/2016,60.34,60.61,0.44547104438210866
11/25/2016,60.3,60.53,0.3799768709730778
11/23/2016,61.01,60.4,-1.0099337748344361
11/22/2016,60.98,61.12,0.22905759162303757
11/21/2016,60.5,60.86,0.5915215248110408
11/18/2016,60.78,60.35,-0.7125103562551777
11/17/2016,60.41,60.64,0.37928759894459757
11/16/2016,58.94,59.65,1.1902766135792135
11/15/2016,58.33,58.87,0.9172753524715461
11/14/2016,59.02,58.12,-1.5485203028217578
11/11/2016,58.23,59.02,1.3385293120976047
11/10/2016,60.48,58.7,-3.0323679727427497
11/09/2016,60.0,60.17,0.28253282366628174
11/08/2016,60.55,60.47,-0.13229700678021877
11/07/2016,59.78,60.42,1.0592519033432648
11/04/2016,58.65,58.71,0.10219724067450565
11/03/2016,59.53,59.21,-0.5404492484377643
11/02/2016,59.82,59.43,-0.6562342251388197
11/01/2016,59.97,59.8,-0.28428093645485236
10/31/2016,60.16,59.92,-0.4005340453938499
10/28/2016,60.01,59.87,-0.23383998663771602
10/27/2016,60.61,60.1,-0.8485856905158037
10/26/2016,60.81,60.63,-0.29688273132112764
10/25/2016,60.85,60.99,0.2295458271847853
10/24/2016,59.94,61.0,1.7377049180327908
10/21/2016,60.28,59.66,-1.0392222594703395
10/20/2016,57.5,57.25,-0.43668122270742354
10/19/2016,57.47,57.53,0.10429341213280424
10/18/2016,57.53,57.66,0.22545959070411978
10/17/2016,57.36,57.22,-0.2446696959105218
10/14/2016,57.12,57.42,0.5224660397074264
10/13/2016,56.7,56.92,0.3865073787772292
10/12/2016,57.11,57.11,0.0
10/11/2016,57.89,57.19,-1.2239902080783405
10/10/2016,57.91,58.04,0.22398345968298164
